"GAUL_CODE","year","hiv_test","NAME","COUNTRY_ID","ADMN_LEVEL","PARENT_ID","shapefile"
"17068",2004,0.0311367927548811,"Bafata","GNB","2","1385","admin2013_2"
"17068",2005,0.0340555504712116,"Bafata","GNB","2","1385","admin2013_2"
"17068",2006,0.0324204541424167,"Bafata","GNB","2","1385","admin2013_2"
"17068",2007,0.0336430061639856,"Bafata","GNB","2","1385","admin2013_2"
"17068",2008,0.0361793377509724,"Bafata","GNB","2","1385","admin2013_2"
"17068",2009,0.0386950483312305,"Bafata","GNB","2","1385","admin2013_2"
"17068",2010,0.0423307549036903,"Bafata","GNB","2","1385","admin2013_2"
"17068",2011,0.042075738653866,"Bafata","GNB","2","1385","admin2013_2"
"17068",2012,0.0404458903262364,"Bafata","GNB","2","1385","admin2013_2"
"17068",2000,0.0191816454490879,"Bafata","GNB","2","1385","admin2013_2"
"17068",2001,0.0212656088256836,"Bafata","GNB","2","1385","admin2013_2"
"17068",2002,0.0242168097375905,"Bafata","GNB","2","1385","admin2013_2"
"17068",2003,0.0278624600074955,"Bafata","GNB","2","1385","admin2013_2"
"17068",2017,0.0357815460660425,"Bafata","GNB","2","1385","admin2013_2"
"17068",2016,0.0379778698766824,"Bafata","GNB","2","1385","admin2013_2"
"17068",2013,0.0379310759598939,"Bafata","GNB","2","1385","admin2013_2"
"17068",2014,0.0397382562433872,"Bafata","GNB","2","1385","admin2013_2"
"17068",2015,0.0383664368861048,"Bafata","GNB","2","1385","admin2013_2"
"17069",2000,NA,"Bambadinca","GNB","2","1385","admin2013_2"
"17069",2001,NA,"Bambadinca","GNB","2","1385","admin2013_2"
"17069",2002,NA,"Bambadinca","GNB","2","1385","admin2013_2"
"17069",2003,NA,"Bambadinca","GNB","2","1385","admin2013_2"
"17069",2004,NA,"Bambadinca","GNB","2","1385","admin2013_2"
"17069",2005,NA,"Bambadinca","GNB","2","1385","admin2013_2"
"17069",2006,NA,"Bambadinca","GNB","2","1385","admin2013_2"
"17069",2007,NA,"Bambadinca","GNB","2","1385","admin2013_2"
"17069",2008,NA,"Bambadinca","GNB","2","1385","admin2013_2"
"17069",2013,NA,"Bambadinca","GNB","2","1385","admin2013_2"
"17069",2014,NA,"Bambadinca","GNB","2","1385","admin2013_2"
"17069",2015,NA,"Bambadinca","GNB","2","1385","admin2013_2"
"17069",2016,NA,"Bambadinca","GNB","2","1385","admin2013_2"
"17069",2017,NA,"Bambadinca","GNB","2","1385","admin2013_2"
"17069",2009,NA,"Bambadinca","GNB","2","1385","admin2013_2"
"17069",2010,NA,"Bambadinca","GNB","2","1385","admin2013_2"
"17069",2011,NA,"Bambadinca","GNB","2","1385","admin2013_2"
"17069",2012,NA,"Bambadinca","GNB","2","1385","admin2013_2"
"17070",2000,0.0181468468453447,"Contuboel","GNB","2","1385","admin2013_2"
"17070",2001,0.0209762810222582,"Contuboel","GNB","2","1385","admin2013_2"
"17070",2002,0.0243203983674229,"Contuboel","GNB","2","1385","admin2013_2"
"17070",2003,0.028361681443817,"Contuboel","GNB","2","1385","admin2013_2"
"17070",2008,0.0360260480234963,"Contuboel","GNB","2","1385","admin2013_2"
"17070",2009,0.0382037140129657,"Contuboel","GNB","2","1385","admin2013_2"
"17070",2010,0.0404917769737399,"Contuboel","GNB","2","1385","admin2013_2"
"17070",2011,0.0413591256611324,"Contuboel","GNB","2","1385","admin2013_2"
"17070",2012,0.0405947683050724,"Contuboel","GNB","2","1385","admin2013_2"
"17070",2013,0.03825106465863,"Contuboel","GNB","2","1385","admin2013_2"
"17070",2014,0.0385946391408787,"Contuboel","GNB","2","1385","admin2013_2"
"17070",2015,0.0364995415127571,"Contuboel","GNB","2","1385","admin2013_2"
"17070",2016,0.0354082268093878,"Contuboel","GNB","2","1385","admin2013_2"
"17070",2004,0.0320703608047967,"Contuboel","GNB","2","1385","admin2013_2"
"17070",2005,0.0343384255051137,"Contuboel","GNB","2","1385","admin2013_2"
"17070",2006,0.0330162549884769,"Contuboel","GNB","2","1385","admin2013_2"
"17070",2007,0.0337892832447294,"Contuboel","GNB","2","1385","admin2013_2"
"17070",2017,0.0310002356518758,"Contuboel","GNB","2","1385","admin2013_2"
"17071",2005,0.0296357864495637,"Galomaro/cosse","GNB","2","1385","admin2013_2"
"17071",2006,0.0319835343353873,"Galomaro/cosse","GNB","2","1385","admin2013_2"
"17071",2008,0.035825066174068,"Galomaro/cosse","GNB","2","1385","admin2013_2"
"17071",2009,0.0384416388517637,"Galomaro/cosse","GNB","2","1385","admin2013_2"
"17071",2010,0.0410007168105945,"Galomaro/cosse","GNB","2","1385","admin2013_2"
"17071",2007,0.0331705918930623,"Galomaro/cosse","GNB","2","1385","admin2013_2"
"17071",2012,0.040655521002275,"Galomaro/cosse","GNB","2","1385","admin2013_2"
"17071",2013,0.0386298190674915,"Galomaro/cosse","GNB","2","1385","admin2013_2"
"17071",2014,0.0407836192936598,"Galomaro/cosse","GNB","2","1385","admin2013_2"
"17071",2011,0.0414951298236353,"Galomaro/cosse","GNB","2","1385","admin2013_2"
"17071",2016,0.040411057795798,"Galomaro/cosse","GNB","2","1385","admin2013_2"
"17071",2017,0.0374800883298923,"Galomaro/cosse","GNB","2","1385","admin2013_2"
"17071",2002,0.0218623372456931,"Galomaro/cosse","GNB","2","1385","admin2013_2"
"17071",2003,0.025238237827773,"Galomaro/cosse","GNB","2","1385","admin2013_2"
"17071",2004,0.0270386982147142,"Galomaro/cosse","GNB","2","1385","admin2013_2"
"17071",2000,0.0177688434000488,"Galomaro/cosse","GNB","2","1385","admin2013_2"
"17071",2001,0.0194916245942563,"Galomaro/cosse","GNB","2","1385","admin2013_2"
"17071",2015,0.0393795293624985,"Galomaro/cosse","GNB","2","1385","admin2013_2"
"17072",2005,0.0368330047584516,"Gamamudo/ganadu","GNB","2","1385","admin2013_2"
"17072",2003,0.0290375026538859,"Gamamudo/ganadu","GNB","2","1385","admin2013_2"
"17072",2004,0.0332109432671272,"Gamamudo/ganadu","GNB","2","1385","admin2013_2"
"17072",2009,0.0386833747169391,"Gamamudo/ganadu","GNB","2","1385","admin2013_2"
"17072",2006,0.0336474369106753,"Gamamudo/ganadu","GNB","2","1385","admin2013_2"
"17072",2007,0.0344166704036033,"Gamamudo/ganadu","GNB","2","1385","admin2013_2"
"17072",2008,0.0365841958330965,"Gamamudo/ganadu","GNB","2","1385","admin2013_2"
"17072",2000,0.0192190469635378,"Gamamudo/ganadu","GNB","2","1385","admin2013_2"
"17072",2001,0.0220067613000305,"Gamamudo/ganadu","GNB","2","1385","admin2013_2"
"17072",2002,0.0252789483728604,"Gamamudo/ganadu","GNB","2","1385","admin2013_2"
"17072",2016,0.0358647757449845,"Gamamudo/ganadu","GNB","2","1385","admin2013_2"
"17072",2017,0.0345752942459612,"Gamamudo/ganadu","GNB","2","1385","admin2013_2"
"17072",2013,0.0391703845053362,"Gamamudo/ganadu","GNB","2","1385","admin2013_2"
"17072",2010,0.0416441582093768,"Gamamudo/ganadu","GNB","2","1385","admin2013_2"
"17072",2011,0.0416512156856841,"Gamamudo/ganadu","GNB","2","1385","admin2013_2"
"17072",2012,0.041051971432669,"Gamamudo/ganadu","GNB","2","1385","admin2013_2"
"17072",2014,0.037919007476124,"Gamamudo/ganadu","GNB","2","1385","admin2013_2"
"17072",2015,0.0368115385615095,"Gamamudo/ganadu","GNB","2","1385","admin2013_2"
"17073",2000,0.0175934711161734,"Xitole","GNB","2","1385","admin2013_2"
"17073",2003,0.0250902597961578,"Xitole","GNB","2","1385","admin2013_2"
"17073",2004,0.0266627375685074,"Xitole","GNB","2","1385","admin2013_2"
"17073",2001,0.0197248416248829,"Xitole","GNB","2","1385","admin2013_2"
"17073",2002,0.0222804498750877,"Xitole","GNB","2","1385","admin2013_2"
"17073",2010,0.0411892311672775,"Xitole","GNB","2","1385","admin2013_2"
"17073",2011,0.0404734529587628,"Xitole","GNB","2","1385","admin2013_2"
"17073",2012,0.0407511833058937,"Xitole","GNB","2","1385","admin2013_2"
"17073",2013,0.038456819875973,"Xitole","GNB","2","1385","admin2013_2"
"17073",2014,0.0407367199775309,"Xitole","GNB","2","1385","admin2013_2"
"17073",2015,0.0398161903184156,"Xitole","GNB","2","1385","admin2013_2"
"17073",2016,0.040856682636868,"Xitole","GNB","2","1385","admin2013_2"
"17073",2017,0.0380458753692486,"Xitole","GNB","2","1385","admin2013_2"
"17073",2008,0.0363091812753418,"Xitole","GNB","2","1385","admin2013_2"
"17073",2005,0.02890565571826,"Xitole","GNB","2","1385","admin2013_2"
"17073",2006,0.0327690403688422,"Xitole","GNB","2","1385","admin2013_2"
"17073",2007,0.0334790277589962,"Xitole","GNB","2","1385","admin2013_2"
"17073",2009,0.0389027434987052,"Xitole","GNB","2","1385","admin2013_2"
"17074",2000,NA,"Prabis","GNB","2","1386","admin2013_2"
"17074",2006,NA,"Prabis","GNB","2","1386","admin2013_2"
"17074",2007,NA,"Prabis","GNB","2","1386","admin2013_2"
"17074",2008,NA,"Prabis","GNB","2","1386","admin2013_2"
"17074",2009,NA,"Prabis","GNB","2","1386","admin2013_2"
"17074",2010,NA,"Prabis","GNB","2","1386","admin2013_2"
"17074",2011,NA,"Prabis","GNB","2","1386","admin2013_2"
"17074",2012,NA,"Prabis","GNB","2","1386","admin2013_2"
"17074",2013,NA,"Prabis","GNB","2","1386","admin2013_2"
"17074",2001,NA,"Prabis","GNB","2","1386","admin2013_2"
"17074",2002,NA,"Prabis","GNB","2","1386","admin2013_2"
"17074",2003,NA,"Prabis","GNB","2","1386","admin2013_2"
"17074",2004,NA,"Prabis","GNB","2","1386","admin2013_2"
"17074",2005,NA,"Prabis","GNB","2","1386","admin2013_2"
"17074",2014,NA,"Prabis","GNB","2","1386","admin2013_2"
"17074",2015,NA,"Prabis","GNB","2","1386","admin2013_2"
"17074",2016,NA,"Prabis","GNB","2","1386","admin2013_2"
"17074",2017,NA,"Prabis","GNB","2","1386","admin2013_2"
"17075",2001,NA,"Quinhamel","GNB","2","1386","admin2013_2"
"17075",2002,NA,"Quinhamel","GNB","2","1386","admin2013_2"
"17075",2003,NA,"Quinhamel","GNB","2","1386","admin2013_2"
"17075",2004,NA,"Quinhamel","GNB","2","1386","admin2013_2"
"17075",2005,NA,"Quinhamel","GNB","2","1386","admin2013_2"
"17075",2006,NA,"Quinhamel","GNB","2","1386","admin2013_2"
"17075",2007,NA,"Quinhamel","GNB","2","1386","admin2013_2"
"17075",2008,NA,"Quinhamel","GNB","2","1386","admin2013_2"
"17075",2000,NA,"Quinhamel","GNB","2","1386","admin2013_2"
"17075",2014,NA,"Quinhamel","GNB","2","1386","admin2013_2"
"17075",2015,NA,"Quinhamel","GNB","2","1386","admin2013_2"
"17075",2016,NA,"Quinhamel","GNB","2","1386","admin2013_2"
"17075",2017,NA,"Quinhamel","GNB","2","1386","admin2013_2"
"17075",2012,NA,"Quinhamel","GNB","2","1386","admin2013_2"
"17075",2009,NA,"Quinhamel","GNB","2","1386","admin2013_2"
"17075",2010,NA,"Quinhamel","GNB","2","1386","admin2013_2"
"17075",2011,NA,"Quinhamel","GNB","2","1386","admin2013_2"
"17075",2013,NA,"Quinhamel","GNB","2","1386","admin2013_2"
"17076",2000,NA,"Safim","GNB","2","1386","admin2013_2"
"17076",2002,NA,"Safim","GNB","2","1386","admin2013_2"
"17076",2003,NA,"Safim","GNB","2","1386","admin2013_2"
"17076",2004,NA,"Safim","GNB","2","1386","admin2013_2"
"17076",2001,NA,"Safim","GNB","2","1386","admin2013_2"
"17076",2010,NA,"Safim","GNB","2","1386","admin2013_2"
"17076",2011,NA,"Safim","GNB","2","1386","admin2013_2"
"17076",2012,NA,"Safim","GNB","2","1386","admin2013_2"
"17076",2013,NA,"Safim","GNB","2","1386","admin2013_2"
"17076",2014,NA,"Safim","GNB","2","1386","admin2013_2"
"17076",2015,NA,"Safim","GNB","2","1386","admin2013_2"
"17076",2016,NA,"Safim","GNB","2","1386","admin2013_2"
"17076",2017,NA,"Safim","GNB","2","1386","admin2013_2"
"17076",2005,NA,"Safim","GNB","2","1386","admin2013_2"
"17076",2006,NA,"Safim","GNB","2","1386","admin2013_2"
"17076",2007,NA,"Safim","GNB","2","1386","admin2013_2"
"17076",2008,NA,"Safim","GNB","2","1386","admin2013_2"
"17076",2009,NA,"Safim","GNB","2","1386","admin2013_2"
"17077",2005,NA,"Bolama","GNB","2","1387","admin2013_2"
"17077",2006,NA,"Bolama","GNB","2","1387","admin2013_2"
"17077",2007,NA,"Bolama","GNB","2","1387","admin2013_2"
"17077",2008,NA,"Bolama","GNB","2","1387","admin2013_2"
"17077",2009,NA,"Bolama","GNB","2","1387","admin2013_2"
"17077",2010,NA,"Bolama","GNB","2","1387","admin2013_2"
"17077",2011,NA,"Bolama","GNB","2","1387","admin2013_2"
"17077",2012,NA,"Bolama","GNB","2","1387","admin2013_2"
"17077",2000,NA,"Bolama","GNB","2","1387","admin2013_2"
"17077",2001,NA,"Bolama","GNB","2","1387","admin2013_2"
"17077",2002,NA,"Bolama","GNB","2","1387","admin2013_2"
"17077",2003,NA,"Bolama","GNB","2","1387","admin2013_2"
"17077",2004,NA,"Bolama","GNB","2","1387","admin2013_2"
"17077",2017,NA,"Bolama","GNB","2","1387","admin2013_2"
"17077",2013,NA,"Bolama","GNB","2","1387","admin2013_2"
"17077",2014,NA,"Bolama","GNB","2","1387","admin2013_2"
"17077",2015,NA,"Bolama","GNB","2","1387","admin2013_2"
"17077",2016,NA,"Bolama","GNB","2","1387","admin2013_2"
"17078",2002,NA,"Bubaque","GNB","2","1387","admin2013_2"
"17078",2003,NA,"Bubaque","GNB","2","1387","admin2013_2"
"17078",2004,NA,"Bubaque","GNB","2","1387","admin2013_2"
"17078",2005,NA,"Bubaque","GNB","2","1387","admin2013_2"
"17078",2006,NA,"Bubaque","GNB","2","1387","admin2013_2"
"17078",2007,NA,"Bubaque","GNB","2","1387","admin2013_2"
"17078",2008,NA,"Bubaque","GNB","2","1387","admin2013_2"
"17078",2009,NA,"Bubaque","GNB","2","1387","admin2013_2"
"17078",2001,NA,"Bubaque","GNB","2","1387","admin2013_2"
"17078",2015,NA,"Bubaque","GNB","2","1387","admin2013_2"
"17078",2016,NA,"Bubaque","GNB","2","1387","admin2013_2"
"17078",2017,NA,"Bubaque","GNB","2","1387","admin2013_2"
"17078",2013,NA,"Bubaque","GNB","2","1387","admin2013_2"
"17078",2010,NA,"Bubaque","GNB","2","1387","admin2013_2"
"17078",2011,NA,"Bubaque","GNB","2","1387","admin2013_2"
"17078",2012,NA,"Bubaque","GNB","2","1387","admin2013_2"
"17078",2014,NA,"Bubaque","GNB","2","1387","admin2013_2"
"17078",2000,NA,"Bubaque","GNB","2","1387","admin2013_2"
"17079",2000,NA,"Caravela","GNB","2","1387","admin2013_2"
"17079",2003,NA,"Caravela","GNB","2","1387","admin2013_2"
"17079",2004,NA,"Caravela","GNB","2","1387","admin2013_2"
"17079",2001,NA,"Caravela","GNB","2","1387","admin2013_2"
"17079",2002,NA,"Caravela","GNB","2","1387","admin2013_2"
"17079",2011,NA,"Caravela","GNB","2","1387","admin2013_2"
"17079",2012,NA,"Caravela","GNB","2","1387","admin2013_2"
"17079",2013,NA,"Caravela","GNB","2","1387","admin2013_2"
"17079",2014,NA,"Caravela","GNB","2","1387","admin2013_2"
"17079",2015,NA,"Caravela","GNB","2","1387","admin2013_2"
"17079",2016,NA,"Caravela","GNB","2","1387","admin2013_2"
"17079",2017,NA,"Caravela","GNB","2","1387","admin2013_2"
"17079",2005,NA,"Caravela","GNB","2","1387","admin2013_2"
"17079",2006,NA,"Caravela","GNB","2","1387","admin2013_2"
"17079",2007,NA,"Caravela","GNB","2","1387","admin2013_2"
"17079",2008,NA,"Caravela","GNB","2","1387","admin2013_2"
"17079",2009,NA,"Caravela","GNB","2","1387","admin2013_2"
"17079",2010,NA,"Caravela","GNB","2","1387","admin2013_2"
"17080",2005,NA,"Uno","GNB","2","1387","admin2013_2"
"17080",2006,NA,"Uno","GNB","2","1387","admin2013_2"
"17080",2007,NA,"Uno","GNB","2","1387","admin2013_2"
"17080",2008,NA,"Uno","GNB","2","1387","admin2013_2"
"17080",2009,NA,"Uno","GNB","2","1387","admin2013_2"
"17080",2010,NA,"Uno","GNB","2","1387","admin2013_2"
"17080",2011,NA,"Uno","GNB","2","1387","admin2013_2"
"17080",2012,NA,"Uno","GNB","2","1387","admin2013_2"
"17080",2013,NA,"Uno","GNB","2","1387","admin2013_2"
"17080",2014,NA,"Uno","GNB","2","1387","admin2013_2"
"17080",2015,NA,"Uno","GNB","2","1387","admin2013_2"
"17080",2016,NA,"Uno","GNB","2","1387","admin2013_2"
"17080",2017,NA,"Uno","GNB","2","1387","admin2013_2"
"17080",2004,NA,"Uno","GNB","2","1387","admin2013_2"
"17080",2000,NA,"Uno","GNB","2","1387","admin2013_2"
"17080",2001,NA,"Uno","GNB","2","1387","admin2013_2"
"17080",2002,NA,"Uno","GNB","2","1387","admin2013_2"
"17080",2003,NA,"Uno","GNB","2","1387","admin2013_2"
"17081",2001,NA,"Bigene","GNB","2","1388","admin2013_2"
"17081",2002,NA,"Bigene","GNB","2","1388","admin2013_2"
"17081",2003,NA,"Bigene","GNB","2","1388","admin2013_2"
"17081",2004,NA,"Bigene","GNB","2","1388","admin2013_2"
"17081",2005,NA,"Bigene","GNB","2","1388","admin2013_2"
"17081",2006,NA,"Bigene","GNB","2","1388","admin2013_2"
"17081",2007,NA,"Bigene","GNB","2","1388","admin2013_2"
"17081",2008,NA,"Bigene","GNB","2","1388","admin2013_2"
"17081",2000,NA,"Bigene","GNB","2","1388","admin2013_2"
"17081",2014,NA,"Bigene","GNB","2","1388","admin2013_2"
"17081",2015,NA,"Bigene","GNB","2","1388","admin2013_2"
"17081",2016,NA,"Bigene","GNB","2","1388","admin2013_2"
"17081",2017,NA,"Bigene","GNB","2","1388","admin2013_2"
"17081",2009,NA,"Bigene","GNB","2","1388","admin2013_2"
"17081",2010,NA,"Bigene","GNB","2","1388","admin2013_2"
"17081",2011,NA,"Bigene","GNB","2","1388","admin2013_2"
"17081",2012,NA,"Bigene","GNB","2","1388","admin2013_2"
"17081",2013,NA,"Bigene","GNB","2","1388","admin2013_2"
"17082",2001,NA,"Bula","GNB","2","1388","admin2013_2"
"17082",2002,NA,"Bula","GNB","2","1388","admin2013_2"
"17082",2003,NA,"Bula","GNB","2","1388","admin2013_2"
"17082",2000,NA,"Bula","GNB","2","1388","admin2013_2"
"17082",2009,NA,"Bula","GNB","2","1388","admin2013_2"
"17082",2010,NA,"Bula","GNB","2","1388","admin2013_2"
"17082",2011,NA,"Bula","GNB","2","1388","admin2013_2"
"17082",2012,NA,"Bula","GNB","2","1388","admin2013_2"
"17082",2013,NA,"Bula","GNB","2","1388","admin2013_2"
"17082",2014,NA,"Bula","GNB","2","1388","admin2013_2"
"17082",2015,NA,"Bula","GNB","2","1388","admin2013_2"
"17082",2016,NA,"Bula","GNB","2","1388","admin2013_2"
"17082",2017,NA,"Bula","GNB","2","1388","admin2013_2"
"17082",2004,NA,"Bula","GNB","2","1388","admin2013_2"
"17082",2005,NA,"Bula","GNB","2","1388","admin2013_2"
"17082",2006,NA,"Bula","GNB","2","1388","admin2013_2"
"17082",2007,NA,"Bula","GNB","2","1388","admin2013_2"
"17082",2008,NA,"Bula","GNB","2","1388","admin2013_2"
"17083",2005,NA,"Cacheu/calequisse","GNB","2","1388","admin2013_2"
"17083",2006,NA,"Cacheu/calequisse","GNB","2","1388","admin2013_2"
"17083",2007,NA,"Cacheu/calequisse","GNB","2","1388","admin2013_2"
"17083",2008,NA,"Cacheu/calequisse","GNB","2","1388","admin2013_2"
"17083",2009,NA,"Cacheu/calequisse","GNB","2","1388","admin2013_2"
"17083",2010,NA,"Cacheu/calequisse","GNB","2","1388","admin2013_2"
"17083",2011,NA,"Cacheu/calequisse","GNB","2","1388","admin2013_2"
"17083",2012,NA,"Cacheu/calequisse","GNB","2","1388","admin2013_2"
"17083",2000,NA,"Cacheu/calequisse","GNB","2","1388","admin2013_2"
"17083",2001,NA,"Cacheu/calequisse","GNB","2","1388","admin2013_2"
"17083",2002,NA,"Cacheu/calequisse","GNB","2","1388","admin2013_2"
"17083",2003,NA,"Cacheu/calequisse","GNB","2","1388","admin2013_2"
"17083",2004,NA,"Cacheu/calequisse","GNB","2","1388","admin2013_2"
"17083",2013,NA,"Cacheu/calequisse","GNB","2","1388","admin2013_2"
"17083",2014,NA,"Cacheu/calequisse","GNB","2","1388","admin2013_2"
"17083",2015,NA,"Cacheu/calequisse","GNB","2","1388","admin2013_2"
"17083",2016,NA,"Cacheu/calequisse","GNB","2","1388","admin2013_2"
"17083",2017,NA,"Cacheu/calequisse","GNB","2","1388","admin2013_2"
"17084",2001,NA,"Caio","GNB","2","1388","admin2013_2"
"17084",2002,NA,"Caio","GNB","2","1388","admin2013_2"
"17084",2003,NA,"Caio","GNB","2","1388","admin2013_2"
"17084",2000,NA,"Caio","GNB","2","1388","admin2013_2"
"17084",2005,NA,"Caio","GNB","2","1388","admin2013_2"
"17084",2006,NA,"Caio","GNB","2","1388","admin2013_2"
"17084",2007,NA,"Caio","GNB","2","1388","admin2013_2"
"17084",2004,NA,"Caio","GNB","2","1388","admin2013_2"
"17084",2014,NA,"Caio","GNB","2","1388","admin2013_2"
"17084",2015,NA,"Caio","GNB","2","1388","admin2013_2"
"17084",2016,NA,"Caio","GNB","2","1388","admin2013_2"
"17084",2017,NA,"Caio","GNB","2","1388","admin2013_2"
"17084",2011,NA,"Caio","GNB","2","1388","admin2013_2"
"17084",2008,NA,"Caio","GNB","2","1388","admin2013_2"
"17084",2009,NA,"Caio","GNB","2","1388","admin2013_2"
"17084",2010,NA,"Caio","GNB","2","1388","admin2013_2"
"17084",2012,NA,"Caio","GNB","2","1388","admin2013_2"
"17084",2013,NA,"Caio","GNB","2","1388","admin2013_2"
"17085",2000,NA,"Canchungo","GNB","2","1388","admin2013_2"
"17085",2003,NA,"Canchungo","GNB","2","1388","admin2013_2"
"17085",2004,NA,"Canchungo","GNB","2","1388","admin2013_2"
"17085",2001,NA,"Canchungo","GNB","2","1388","admin2013_2"
"17085",2002,NA,"Canchungo","GNB","2","1388","admin2013_2"
"17085",2011,NA,"Canchungo","GNB","2","1388","admin2013_2"
"17085",2012,NA,"Canchungo","GNB","2","1388","admin2013_2"
"17085",2013,NA,"Canchungo","GNB","2","1388","admin2013_2"
"17085",2014,NA,"Canchungo","GNB","2","1388","admin2013_2"
"17085",2015,NA,"Canchungo","GNB","2","1388","admin2013_2"
"17085",2016,NA,"Canchungo","GNB","2","1388","admin2013_2"
"17085",2017,NA,"Canchungo","GNB","2","1388","admin2013_2"
"17085",2005,NA,"Canchungo","GNB","2","1388","admin2013_2"
"17085",2006,NA,"Canchungo","GNB","2","1388","admin2013_2"
"17085",2007,NA,"Canchungo","GNB","2","1388","admin2013_2"
"17085",2008,NA,"Canchungo","GNB","2","1388","admin2013_2"
"17085",2009,NA,"Canchungo","GNB","2","1388","admin2013_2"
"17085",2010,NA,"Canchungo","GNB","2","1388","admin2013_2"
"17086",2006,NA,"Sao Domingos","GNB","2","1388","admin2013_2"
"17086",2007,NA,"Sao Domingos","GNB","2","1388","admin2013_2"
"17086",2008,NA,"Sao Domingos","GNB","2","1388","admin2013_2"
"17086",2009,NA,"Sao Domingos","GNB","2","1388","admin2013_2"
"17086",2010,NA,"Sao Domingos","GNB","2","1388","admin2013_2"
"17086",2011,NA,"Sao Domingos","GNB","2","1388","admin2013_2"
"17086",2012,NA,"Sao Domingos","GNB","2","1388","admin2013_2"
"17086",2000,NA,"Sao Domingos","GNB","2","1388","admin2013_2"
"17086",2001,NA,"Sao Domingos","GNB","2","1388","admin2013_2"
"17086",2002,NA,"Sao Domingos","GNB","2","1388","admin2013_2"
"17086",2003,NA,"Sao Domingos","GNB","2","1388","admin2013_2"
"17086",2004,NA,"Sao Domingos","GNB","2","1388","admin2013_2"
"17086",2005,NA,"Sao Domingos","GNB","2","1388","admin2013_2"
"17086",2017,NA,"Sao Domingos","GNB","2","1388","admin2013_2"
"17086",2016,NA,"Sao Domingos","GNB","2","1388","admin2013_2"
"17086",2013,NA,"Sao Domingos","GNB","2","1388","admin2013_2"
"17086",2014,NA,"Sao Domingos","GNB","2","1388","admin2013_2"
"17086",2015,NA,"Sao Domingos","GNB","2","1388","admin2013_2"
"17087",2000,0.0156031847513135,"Boe","GNB","2","1389","admin2013_2"
"17087",2001,0.0172406464057685,"Boe","GNB","2","1389","admin2013_2"
"17087",2002,0.0191753075846378,"Boe","GNB","2","1389","admin2013_2"
"17087",2003,0.0212970785731593,"Boe","GNB","2","1389","admin2013_2"
"17087",2004,0.0227146444309253,"Boe","GNB","2","1389","admin2013_2"
"17087",2005,0.0221511721846266,"Boe","GNB","2","1389","admin2013_2"
"17087",2006,0.0268636525844267,"Boe","GNB","2","1389","admin2013_2"
"17087",2007,0.0276425221167281,"Boe","GNB","2","1389","admin2013_2"
"17087",2008,0.0299048749182275,"Boe","GNB","2","1389","admin2013_2"
"17087",2013,0.03285762599922,"Boe","GNB","2","1389","admin2013_2"
"17087",2014,0.0358801345720154,"Boe","GNB","2","1389","admin2013_2"
"17087",2015,0.0355995606070597,"Boe","GNB","2","1389","admin2013_2"
"17087",2016,0.0366321907952925,"Boe","GNB","2","1389","admin2013_2"
"17087",2017,0.032869830800612,"Boe","GNB","2","1389","admin2013_2"
"17087",2009,0.032515436104477,"Boe","GNB","2","1389","admin2013_2"
"17087",2010,0.0328924342156233,"Boe","GNB","2","1389","admin2013_2"
"17087",2011,0.0331892250778557,"Boe","GNB","2","1389","admin2013_2"
"17087",2012,0.0306547768748007,"Boe","GNB","2","1389","admin2013_2"
"17088",2000,0.0167986505432507,"Gabu","GNB","2","1389","admin2013_2"
"17088",2001,0.0191208640082794,"Gabu","GNB","2","1389","admin2013_2"
"17088",2002,0.0217734157111466,"Gabu","GNB","2","1389","admin2013_2"
"17088",2003,0.0247469882542753,"Gabu","GNB","2","1389","admin2013_2"
"17088",2008,0.0339814958453297,"Gabu","GNB","2","1389","admin2013_2"
"17088",2009,0.037027047058117,"Gabu","GNB","2","1389","admin2013_2"
"17088",2010,0.0381054305852569,"Gabu","GNB","2","1389","admin2013_2"
"17088",2011,0.040047662219697,"Gabu","GNB","2","1389","admin2013_2"
"17088",2012,0.038553096958968,"Gabu","GNB","2","1389","admin2013_2"
"17088",2013,0.0369353839446097,"Gabu","GNB","2","1389","admin2013_2"
"17088",2014,0.0408967067473957,"Gabu","GNB","2","1389","admin2013_2"
"17088",2015,0.0388077732456621,"Gabu","GNB","2","1389","admin2013_2"
"17088",2016,0.0403845589674224,"Gabu","GNB","2","1389","admin2013_2"
"17088",2004,0.0273094722675512,"Gabu","GNB","2","1389","admin2013_2"
"17088",2005,0.0270094570711974,"Gabu","GNB","2","1389","admin2013_2"
"17088",2006,0.0299641215597277,"Gabu","GNB","2","1389","admin2013_2"
"17088",2007,0.0310718926057661,"Gabu","GNB","2","1389","admin2013_2"
"17088",2017,0.0340929333839207,"Gabu","GNB","2","1389","admin2013_2"
"17089",2003,0.0249736719656383,"Pirada","GNB","2","1389","admin2013_2"
"17089",2004,0.0269265874536828,"Pirada","GNB","2","1389","admin2013_2"
"17089",2006,0.0292801840557993,"Pirada","GNB","2","1389","admin2013_2"
"17089",2007,0.0298420310248611,"Pirada","GNB","2","1389","admin2013_2"
"17089",2008,0.0324693443910569,"Pirada","GNB","2","1389","admin2013_2"
"17089",2005,0.0251073798335586,"Pirada","GNB","2","1389","admin2013_2"
"17089",2010,0.0356966857317384,"Pirada","GNB","2","1389","admin2013_2"
"17089",2011,0.0378703569293275,"Pirada","GNB","2","1389","admin2013_2"
"17089",2012,0.0373546777031453,"Pirada","GNB","2","1389","admin2013_2"
"17089",2009,0.0346278096642135,"Pirada","GNB","2","1389","admin2013_2"
"17089",2014,0.038374020376786,"Pirada","GNB","2","1389","admin2013_2"
"17089",2015,0.036011788986092,"Pirada","GNB","2","1389","admin2013_2"
"17089",2016,0.0373254419092421,"Pirada","GNB","2","1389","admin2013_2"
"17089",2017,0.0292692379943771,"Pirada","GNB","2","1389","admin2013_2"
"17089",2013,0.0354739811523977,"Pirada","GNB","2","1389","admin2013_2"
"17089",2000,0.0165534407220711,"Pirada","GNB","2","1389","admin2013_2"
"17089",2001,0.0187199469772489,"Pirada","GNB","2","1389","admin2013_2"
"17089",2002,0.021192671197042,"Pirada","GNB","2","1389","admin2013_2"
"17090",2000,0.0166800901589469,"Pitche","GNB","2","1389","admin2013_2"
"17090",2001,0.0180718313806581,"Pitche","GNB","2","1389","admin2013_2"
"17090",2002,0.0202495467295019,"Pitche","GNB","2","1389","admin2013_2"
"17090",2003,0.0226421774011667,"Pitche","GNB","2","1389","admin2013_2"
"17090",2004,0.02449611791013,"Pitche","GNB","2","1389","admin2013_2"
"17090",2005,0.0231805104387226,"Pitche","GNB","2","1389","admin2013_2"
"17090",2006,0.0268393272274164,"Pitche","GNB","2","1389","admin2013_2"
"17090",2007,0.0280206877652667,"Pitche","GNB","2","1389","admin2013_2"
"17090",2012,0.0319107516736679,"Pitche","GNB","2","1389","admin2013_2"
"17090",2013,0.0329413968302356,"Pitche","GNB","2","1389","admin2013_2"
"17090",2014,0.0358521445036918,"Pitche","GNB","2","1389","admin2013_2"
"17090",2015,0.0347931659363021,"Pitche","GNB","2","1389","admin2013_2"
"17090",2016,0.0355323265832265,"Pitche","GNB","2","1389","admin2013_2"
"17090",2017,0.029274382119355,"Pitche","GNB","2","1389","admin2013_2"
"17090",2009,0.0330818739882066,"Pitche","GNB","2","1389","admin2013_2"
"17090",2010,0.0336645321161778,"Pitche","GNB","2","1389","admin2013_2"
"17090",2011,0.0345664120021275,"Pitche","GNB","2","1389","admin2013_2"
"17090",2008,0.0305812346996769,"Pitche","GNB","2","1389","admin2013_2"
"17091",2000,0.0168495877154684,"Sonaco","GNB","2","1389","admin2013_2"
"17091",2001,0.0193820427518961,"Sonaco","GNB","2","1389","admin2013_2"
"17091",2002,0.0223501398029526,"Sonaco","GNB","2","1389","admin2013_2"
"17091",2010,0.0388059037598925,"Sonaco","GNB","2","1389","admin2013_2"
"17091",2011,0.0407100398771132,"Sonaco","GNB","2","1389","admin2013_2"
"17091",2012,0.0398931656434507,"Sonaco","GNB","2","1389","admin2013_2"
"17091",2013,0.0374046474877561,"Sonaco","GNB","2","1389","admin2013_2"
"17091",2014,0.0406697718727061,"Sonaco","GNB","2","1389","admin2013_2"
"17091",2015,0.0374274199208656,"Sonaco","GNB","2","1389","admin2013_2"
"17091",2016,0.0385241025848378,"Sonaco","GNB","2","1389","admin2013_2"
"17091",2017,0.0318892398091876,"Sonaco","GNB","2","1389","admin2013_2"
"17091",2005,0.0284743313038014,"Sonaco","GNB","2","1389","admin2013_2"
"17091",2006,0.0308556537119449,"Sonaco","GNB","2","1389","admin2013_2"
"17091",2003,0.0256499270892372,"Sonaco","GNB","2","1389","admin2013_2"
"17091",2004,0.0282966911912072,"Sonaco","GNB","2","1389","admin2013_2"
"17091",2009,0.0371729216397842,"Sonaco","GNB","2","1389","admin2013_2"
"17091",2007,0.0315232245072132,"Sonaco","GNB","2","1389","admin2013_2"
"17091",2008,0.0341803335296858,"Sonaco","GNB","2","1389","admin2013_2"
"17092",2001,NA,"Bissora","GNB","2","1390","admin2013_2"
"17092",2000,NA,"Bissora","GNB","2","1390","admin2013_2"
"17092",2009,NA,"Bissora","GNB","2","1390","admin2013_2"
"17092",2010,NA,"Bissora","GNB","2","1390","admin2013_2"
"17092",2011,NA,"Bissora","GNB","2","1390","admin2013_2"
"17092",2012,NA,"Bissora","GNB","2","1390","admin2013_2"
"17092",2013,NA,"Bissora","GNB","2","1390","admin2013_2"
"17092",2014,NA,"Bissora","GNB","2","1390","admin2013_2"
"17092",2002,NA,"Bissora","GNB","2","1390","admin2013_2"
"17092",2003,NA,"Bissora","GNB","2","1390","admin2013_2"
"17092",2004,NA,"Bissora","GNB","2","1390","admin2013_2"
"17092",2005,NA,"Bissora","GNB","2","1390","admin2013_2"
"17092",2006,NA,"Bissora","GNB","2","1390","admin2013_2"
"17092",2007,NA,"Bissora","GNB","2","1390","admin2013_2"
"17092",2008,NA,"Bissora","GNB","2","1390","admin2013_2"
"17092",2017,NA,"Bissora","GNB","2","1390","admin2013_2"
"17092",2015,NA,"Bissora","GNB","2","1390","admin2013_2"
"17092",2016,NA,"Bissora","GNB","2","1390","admin2013_2"
"17093",2005,0.0367450625747828,"Farim","GNB","2","1390","admin2013_2"
"17093",2004,0.03286446220244,"Farim","GNB","2","1390","admin2013_2"
"17093",2009,0.0351548139385957,"Farim","GNB","2","1390","admin2013_2"
"17093",2006,0.0322662540571314,"Farim","GNB","2","1390","admin2013_2"
"17093",2007,0.03284153833465,"Farim","GNB","2","1390","admin2013_2"
"17093",2008,0.0352406616981771,"Farim","GNB","2","1390","admin2013_2"
"17093",2000,0.0191578096558229,"Farim","GNB","2","1390","admin2013_2"
"17093",2001,0.0222748318196939,"Farim","GNB","2","1390","admin2013_2"
"17093",2002,0.0256495835169687,"Farim","GNB","2","1390","admin2013_2"
"17093",2003,0.0289793032031961,"Farim","GNB","2","1390","admin2013_2"
"17093",2016,0.0296361037582776,"Farim","GNB","2","1390","admin2013_2"
"17093",2017,0.0292277293016213,"Farim","GNB","2","1390","admin2013_2"
"17093",2012,0.0347274644289736,"Farim","GNB","2","1390","admin2013_2"
"17093",2013,0.0340753520211737,"Farim","GNB","2","1390","admin2013_2"
"17093",2010,0.0350004686775923,"Farim","GNB","2","1390","admin2013_2"
"17093",2011,0.0358450163488847,"Farim","GNB","2","1390","admin2013_2"
"17093",2014,0.0305151068383806,"Farim","GNB","2","1390","admin2013_2"
"17093",2015,0.0306738604073613,"Farim","GNB","2","1390","admin2013_2"
"17094",2000,0.0189253786186924,"Mansaba","GNB","2","1390","admin2013_2"
"17094",2001,0.0220143760609601,"Mansaba","GNB","2","1390","admin2013_2"
"17094",2004,0.0318022955838239,"Mansaba","GNB","2","1390","admin2013_2"
"17094",2005,0.0357242116954144,"Mansaba","GNB","2","1390","admin2013_2"
"17094",2002,0.025368853456266,"Mansaba","GNB","2","1390","admin2013_2"
"17094",2003,0.0285240313090218,"Mansaba","GNB","2","1390","admin2013_2"
"17094",2012,0.0350223975616308,"Mansaba","GNB","2","1390","admin2013_2"
"17094",2013,0.0342137170831185,"Mansaba","GNB","2","1390","admin2013_2"
"17094",2014,0.0312319559730762,"Mansaba","GNB","2","1390","admin2013_2"
"17094",2015,0.0315158509531526,"Mansaba","GNB","2","1390","admin2013_2"
"17094",2016,0.0305677185349431,"Mansaba","GNB","2","1390","admin2013_2"
"17094",2017,0.0296645203036904,"Mansaba","GNB","2","1390","admin2013_2"
"17094",2009,0.035156161275136,"Mansaba","GNB","2","1390","admin2013_2"
"17094",2006,0.0319191707898094,"Mansaba","GNB","2","1390","admin2013_2"
"17094",2007,0.0328558729491552,"Mansaba","GNB","2","1390","admin2013_2"
"17094",2008,0.0352678230227036,"Mansaba","GNB","2","1390","admin2013_2"
"17094",2010,0.035258133092741,"Mansaba","GNB","2","1390","admin2013_2"
"17094",2011,0.0361877652185071,"Mansaba","GNB","2","1390","admin2013_2"
"17095",2000,NA,"Mansoa","GNB","2","1390","admin2013_2"
"17095",2007,NA,"Mansoa","GNB","2","1390","admin2013_2"
"17095",2008,NA,"Mansoa","GNB","2","1390","admin2013_2"
"17095",2009,NA,"Mansoa","GNB","2","1390","admin2013_2"
"17095",2010,NA,"Mansoa","GNB","2","1390","admin2013_2"
"17095",2011,NA,"Mansoa","GNB","2","1390","admin2013_2"
"17095",2012,NA,"Mansoa","GNB","2","1390","admin2013_2"
"17095",2013,NA,"Mansoa","GNB","2","1390","admin2013_2"
"17095",2001,NA,"Mansoa","GNB","2","1390","admin2013_2"
"17095",2002,NA,"Mansoa","GNB","2","1390","admin2013_2"
"17095",2003,NA,"Mansoa","GNB","2","1390","admin2013_2"
"17095",2004,NA,"Mansoa","GNB","2","1390","admin2013_2"
"17095",2005,NA,"Mansoa","GNB","2","1390","admin2013_2"
"17095",2006,NA,"Mansoa","GNB","2","1390","admin2013_2"
"17095",2014,NA,"Mansoa","GNB","2","1390","admin2013_2"
"17095",2015,NA,"Mansoa","GNB","2","1390","admin2013_2"
"17095",2016,NA,"Mansoa","GNB","2","1390","admin2013_2"
"17095",2017,NA,"Mansoa","GNB","2","1390","admin2013_2"
"17096",2002,NA,"Nhacra","GNB","2","1390","admin2013_2"
"17096",2003,NA,"Nhacra","GNB","2","1390","admin2013_2"
"17096",2004,NA,"Nhacra","GNB","2","1390","admin2013_2"
"17096",2005,NA,"Nhacra","GNB","2","1390","admin2013_2"
"17096",2006,NA,"Nhacra","GNB","2","1390","admin2013_2"
"17096",2007,NA,"Nhacra","GNB","2","1390","admin2013_2"
"17096",2008,NA,"Nhacra","GNB","2","1390","admin2013_2"
"17096",2009,NA,"Nhacra","GNB","2","1390","admin2013_2"
"17096",2014,NA,"Nhacra","GNB","2","1390","admin2013_2"
"17096",2015,NA,"Nhacra","GNB","2","1390","admin2013_2"
"17096",2016,NA,"Nhacra","GNB","2","1390","admin2013_2"
"17096",2017,NA,"Nhacra","GNB","2","1390","admin2013_2"
"17096",2013,NA,"Nhacra","GNB","2","1390","admin2013_2"
"17096",2010,NA,"Nhacra","GNB","2","1390","admin2013_2"
"17096",2011,NA,"Nhacra","GNB","2","1390","admin2013_2"
"17096",2012,NA,"Nhacra","GNB","2","1390","admin2013_2"
"17096",2000,NA,"Nhacra","GNB","2","1390","admin2013_2"
"17096",2001,NA,"Nhacra","GNB","2","1390","admin2013_2"
"17097",2000,NA,"Buba","GNB","2","1391","admin2013_2"
"17097",2003,NA,"Buba","GNB","2","1391","admin2013_2"
"17097",2004,NA,"Buba","GNB","2","1391","admin2013_2"
"17097",2001,NA,"Buba","GNB","2","1391","admin2013_2"
"17097",2002,NA,"Buba","GNB","2","1391","admin2013_2"
"17097",2011,NA,"Buba","GNB","2","1391","admin2013_2"
"17097",2012,NA,"Buba","GNB","2","1391","admin2013_2"
"17097",2013,NA,"Buba","GNB","2","1391","admin2013_2"
"17097",2014,NA,"Buba","GNB","2","1391","admin2013_2"
"17097",2015,NA,"Buba","GNB","2","1391","admin2013_2"
"17097",2016,NA,"Buba","GNB","2","1391","admin2013_2"
"17097",2017,NA,"Buba","GNB","2","1391","admin2013_2"
"17097",2005,NA,"Buba","GNB","2","1391","admin2013_2"
"17097",2006,NA,"Buba","GNB","2","1391","admin2013_2"
"17097",2007,NA,"Buba","GNB","2","1391","admin2013_2"
"17097",2008,NA,"Buba","GNB","2","1391","admin2013_2"
"17097",2009,NA,"Buba","GNB","2","1391","admin2013_2"
"17097",2010,NA,"Buba","GNB","2","1391","admin2013_2"
"17098",2007,NA,"Empada","GNB","2","1391","admin2013_2"
"17098",2008,NA,"Empada","GNB","2","1391","admin2013_2"
"17098",2009,NA,"Empada","GNB","2","1391","admin2013_2"
"17098",2010,NA,"Empada","GNB","2","1391","admin2013_2"
"17098",2011,NA,"Empada","GNB","2","1391","admin2013_2"
"17098",2012,NA,"Empada","GNB","2","1391","admin2013_2"
"17098",2013,NA,"Empada","GNB","2","1391","admin2013_2"
"17098",2014,NA,"Empada","GNB","2","1391","admin2013_2"
"17098",2015,NA,"Empada","GNB","2","1391","admin2013_2"
"17098",2016,NA,"Empada","GNB","2","1391","admin2013_2"
"17098",2017,NA,"Empada","GNB","2","1391","admin2013_2"
"17098",2003,NA,"Empada","GNB","2","1391","admin2013_2"
"17098",2004,NA,"Empada","GNB","2","1391","admin2013_2"
"17098",2005,NA,"Empada","GNB","2","1391","admin2013_2"
"17098",2006,NA,"Empada","GNB","2","1391","admin2013_2"
"17098",2002,NA,"Empada","GNB","2","1391","admin2013_2"
"17098",2000,NA,"Empada","GNB","2","1391","admin2013_2"
"17098",2001,NA,"Empada","GNB","2","1391","admin2013_2"
"17099",2005,NA,"Fulacunda","GNB","2","1391","admin2013_2"
"17099",2004,NA,"Fulacunda","GNB","2","1391","admin2013_2"
"17099",2009,NA,"Fulacunda","GNB","2","1391","admin2013_2"
"17099",2006,NA,"Fulacunda","GNB","2","1391","admin2013_2"
"17099",2007,NA,"Fulacunda","GNB","2","1391","admin2013_2"
"17099",2008,NA,"Fulacunda","GNB","2","1391","admin2013_2"
"17099",2000,NA,"Fulacunda","GNB","2","1391","admin2013_2"
"17099",2001,NA,"Fulacunda","GNB","2","1391","admin2013_2"
"17099",2002,NA,"Fulacunda","GNB","2","1391","admin2013_2"
"17099",2003,NA,"Fulacunda","GNB","2","1391","admin2013_2"
"17099",2017,NA,"Fulacunda","GNB","2","1391","admin2013_2"
"17099",2013,NA,"Fulacunda","GNB","2","1391","admin2013_2"
"17099",2010,NA,"Fulacunda","GNB","2","1391","admin2013_2"
"17099",2011,NA,"Fulacunda","GNB","2","1391","admin2013_2"
"17099",2012,NA,"Fulacunda","GNB","2","1391","admin2013_2"
"17099",2014,NA,"Fulacunda","GNB","2","1391","admin2013_2"
"17099",2015,NA,"Fulacunda","GNB","2","1391","admin2013_2"
"17099",2016,NA,"Fulacunda","GNB","2","1391","admin2013_2"
"17100",2000,NA,"Tite","GNB","2","1391","admin2013_2"
"17100",2004,NA,"Tite","GNB","2","1391","admin2013_2"
"17100",2001,NA,"Tite","GNB","2","1391","admin2013_2"
"17100",2002,NA,"Tite","GNB","2","1391","admin2013_2"
"17100",2003,NA,"Tite","GNB","2","1391","admin2013_2"
"17100",2011,NA,"Tite","GNB","2","1391","admin2013_2"
"17100",2012,NA,"Tite","GNB","2","1391","admin2013_2"
"17100",2013,NA,"Tite","GNB","2","1391","admin2013_2"
"17100",2014,NA,"Tite","GNB","2","1391","admin2013_2"
"17100",2015,NA,"Tite","GNB","2","1391","admin2013_2"
"17100",2016,NA,"Tite","GNB","2","1391","admin2013_2"
"17100",2017,NA,"Tite","GNB","2","1391","admin2013_2"
"17100",2008,NA,"Tite","GNB","2","1391","admin2013_2"
"17100",2005,NA,"Tite","GNB","2","1391","admin2013_2"
"17100",2006,NA,"Tite","GNB","2","1391","admin2013_2"
"17100",2007,NA,"Tite","GNB","2","1391","admin2013_2"
"17100",2009,NA,"Tite","GNB","2","1391","admin2013_2"
"17100",2010,NA,"Tite","GNB","2","1391","admin2013_2"
"17101",2000,0.0219041845137687,"Sector Autonomo De Bissau","GNB","2","1392","admin2013_2"
"17101",2007,0.0415337739564407,"Sector Autonomo De Bissau","GNB","2","1392","admin2013_2"
"17101",2008,0.0395413625047342,"Sector Autonomo De Bissau","GNB","2","1392","admin2013_2"
"17101",2009,0.0394786981642833,"Sector Autonomo De Bissau","GNB","2","1392","admin2013_2"
"17101",2010,0.0392278601266137,"Sector Autonomo De Bissau","GNB","2","1392","admin2013_2"
"17101",2011,0.0383973172202566,"Sector Autonomo De Bissau","GNB","2","1392","admin2013_2"
"17101",2012,0.0389418597500305,"Sector Autonomo De Bissau","GNB","2","1392","admin2013_2"
"17101",2013,0.0391695882040264,"Sector Autonomo De Bissau","GNB","2","1392","admin2013_2"
"17101",2001,0.0247836683175998,"Sector Autonomo De Bissau","GNB","2","1392","admin2013_2"
"17101",2002,0.0300371174953851,"Sector Autonomo De Bissau","GNB","2","1392","admin2013_2"
"17101",2003,0.0347254842643618,"Sector Autonomo De Bissau","GNB","2","1392","admin2013_2"
"17101",2004,0.0378820145669857,"Sector Autonomo De Bissau","GNB","2","1392","admin2013_2"
"17101",2005,0.0402798258167174,"Sector Autonomo De Bissau","GNB","2","1392","admin2013_2"
"17101",2006,0.0405228799489291,"Sector Autonomo De Bissau","GNB","2","1392","admin2013_2"
"17101",2015,0.0369561227562876,"Sector Autonomo De Bissau","GNB","2","1392","admin2013_2"
"17101",2016,0.0343208206488339,"Sector Autonomo De Bissau","GNB","2","1392","admin2013_2"
"17101",2017,0.0342188938986605,"Sector Autonomo De Bissau","GNB","2","1392","admin2013_2"
"17101",2014,0.037045833987987,"Sector Autonomo De Bissau","GNB","2","1392","admin2013_2"
"17102",2002,NA,"Bedanda","GNB","2","1393","admin2013_2"
"17102",2003,NA,"Bedanda","GNB","2","1393","admin2013_2"
"17102",2004,NA,"Bedanda","GNB","2","1393","admin2013_2"
"17102",2005,NA,"Bedanda","GNB","2","1393","admin2013_2"
"17102",2006,NA,"Bedanda","GNB","2","1393","admin2013_2"
"17102",2007,NA,"Bedanda","GNB","2","1393","admin2013_2"
"17102",2008,NA,"Bedanda","GNB","2","1393","admin2013_2"
"17102",2000,NA,"Bedanda","GNB","2","1393","admin2013_2"
"17102",2001,NA,"Bedanda","GNB","2","1393","admin2013_2"
"17102",2015,NA,"Bedanda","GNB","2","1393","admin2013_2"
"17102",2016,NA,"Bedanda","GNB","2","1393","admin2013_2"
"17102",2017,NA,"Bedanda","GNB","2","1393","admin2013_2"
"17102",2012,NA,"Bedanda","GNB","2","1393","admin2013_2"
"17102",2009,NA,"Bedanda","GNB","2","1393","admin2013_2"
"17102",2010,NA,"Bedanda","GNB","2","1393","admin2013_2"
"17102",2011,NA,"Bedanda","GNB","2","1393","admin2013_2"
"17102",2013,NA,"Bedanda","GNB","2","1393","admin2013_2"
"17102",2014,NA,"Bedanda","GNB","2","1393","admin2013_2"
"17103",2000,NA,"Cacine","GNB","2","1393","admin2013_2"
"17103",2003,NA,"Cacine","GNB","2","1393","admin2013_2"
"17103",2004,NA,"Cacine","GNB","2","1393","admin2013_2"
"17103",2001,NA,"Cacine","GNB","2","1393","admin2013_2"
"17103",2002,NA,"Cacine","GNB","2","1393","admin2013_2"
"17103",2011,NA,"Cacine","GNB","2","1393","admin2013_2"
"17103",2012,NA,"Cacine","GNB","2","1393","admin2013_2"
"17103",2013,NA,"Cacine","GNB","2","1393","admin2013_2"
"17103",2014,NA,"Cacine","GNB","2","1393","admin2013_2"
"17103",2015,NA,"Cacine","GNB","2","1393","admin2013_2"
"17103",2016,NA,"Cacine","GNB","2","1393","admin2013_2"
"17103",2017,NA,"Cacine","GNB","2","1393","admin2013_2"
"17103",2005,NA,"Cacine","GNB","2","1393","admin2013_2"
"17103",2006,NA,"Cacine","GNB","2","1393","admin2013_2"
"17103",2007,NA,"Cacine","GNB","2","1393","admin2013_2"
"17103",2008,NA,"Cacine","GNB","2","1393","admin2013_2"
"17103",2009,NA,"Cacine","GNB","2","1393","admin2013_2"
"17103",2010,NA,"Cacine","GNB","2","1393","admin2013_2"
"17104",2006,NA,"Catio","GNB","2","1393","admin2013_2"
"17104",2007,NA,"Catio","GNB","2","1393","admin2013_2"
"17104",2008,NA,"Catio","GNB","2","1393","admin2013_2"
"17104",2009,NA,"Catio","GNB","2","1393","admin2013_2"
"17104",2010,NA,"Catio","GNB","2","1393","admin2013_2"
"17104",2011,NA,"Catio","GNB","2","1393","admin2013_2"
"17104",2012,NA,"Catio","GNB","2","1393","admin2013_2"
"17104",2000,NA,"Catio","GNB","2","1393","admin2013_2"
"17104",2001,NA,"Catio","GNB","2","1393","admin2013_2"
"17104",2002,NA,"Catio","GNB","2","1393","admin2013_2"
"17104",2003,NA,"Catio","GNB","2","1393","admin2013_2"
"17104",2004,NA,"Catio","GNB","2","1393","admin2013_2"
"17104",2005,NA,"Catio","GNB","2","1393","admin2013_2"
"17104",2013,NA,"Catio","GNB","2","1393","admin2013_2"
"17104",2014,NA,"Catio","GNB","2","1393","admin2013_2"
"17104",2015,NA,"Catio","GNB","2","1393","admin2013_2"
"17104",2016,NA,"Catio","GNB","2","1393","admin2013_2"
"17104",2017,NA,"Catio","GNB","2","1393","admin2013_2"
"17105",2003,NA,"Komo","GNB","2","1393","admin2013_2"
"17105",2004,NA,"Komo","GNB","2","1393","admin2013_2"
"17105",2005,NA,"Komo","GNB","2","1393","admin2013_2"
"17105",2002,NA,"Komo","GNB","2","1393","admin2013_2"
"17105",2007,NA,"Komo","GNB","2","1393","admin2013_2"
"17105",2008,NA,"Komo","GNB","2","1393","admin2013_2"
"17105",2009,NA,"Komo","GNB","2","1393","admin2013_2"
"17105",2006,NA,"Komo","GNB","2","1393","admin2013_2"
"17105",2015,NA,"Komo","GNB","2","1393","admin2013_2"
"17105",2016,NA,"Komo","GNB","2","1393","admin2013_2"
"17105",2017,NA,"Komo","GNB","2","1393","admin2013_2"
"17105",2013,NA,"Komo","GNB","2","1393","admin2013_2"
"17105",2010,NA,"Komo","GNB","2","1393","admin2013_2"
"17105",2011,NA,"Komo","GNB","2","1393","admin2013_2"
"17105",2012,NA,"Komo","GNB","2","1393","admin2013_2"
"17105",2014,NA,"Komo","GNB","2","1393","admin2013_2"
"17105",2000,NA,"Komo","GNB","2","1393","admin2013_2"
"17105",2001,NA,"Komo","GNB","2","1393","admin2013_2"
"17106",2000,0.0168701488652419,"Quebo","GNB","2","1393","admin2013_2"
"17106",2004,0.0249504106994245,"Quebo","GNB","2","1393","admin2013_2"
"17106",2001,0.0196698782532157,"Quebo","GNB","2","1393","admin2013_2"
"17106",2002,0.0214013642636845,"Quebo","GNB","2","1393","admin2013_2"
"17106",2003,0.0236375240296148,"Quebo","GNB","2","1393","admin2013_2"
"17106",2012,0.03951144453757,"Quebo","GNB","2","1393","admin2013_2"
"17106",2013,0.0375713164253242,"Quebo","GNB","2","1393","admin2013_2"
"17106",2014,0.0393835289852773,"Quebo","GNB","2","1393","admin2013_2"
"17106",2015,0.0391953056341002,"Quebo","GNB","2","1393","admin2013_2"
"17106",2016,0.040285702069338,"Quebo","GNB","2","1393","admin2013_2"
"17106",2017,0.0379148634290947,"Quebo","GNB","2","1393","admin2013_2"
"17106",2005,0.0265368438068405,"Quebo","GNB","2","1393","admin2013_2"
"17106",2006,0.032349228212893,"Quebo","GNB","2","1393","admin2013_2"
"17106",2007,0.0330575116235158,"Quebo","GNB","2","1393","admin2013_2"
"17106",2008,0.0355873959798795,"Quebo","GNB","2","1393","admin2013_2"
"17106",2009,0.0385121707178428,"Quebo","GNB","2","1393","admin2013_2"
"17106",2010,0.0395857966446075,"Quebo","GNB","2","1393","admin2013_2"
"17106",2011,0.038861939992236,"Quebo","GNB","2","1393","admin2013_2"
