"GAUL_CODE","year","hiv_test","ID_0","ISO","NAME_0","ID_1","NAME_1","ID_2","NAME_2","NL_NAME_2","VARNAME_2","TYPE_2","ENGTYPE_2","shapefile"
"1",2000,0.343507927745707,"30","BWA","Botswana","1","Central","1","Bobonong",NA,NA,"Sub-district","Sub-district","BWA_adm2"
"1",2001,0.349023068629419,"30","BWA","Botswana","1","Central","1","Bobonong",NA,NA,"Sub-district","Sub-district","BWA_adm2"
"1",2002,0.335162340875562,"30","BWA","Botswana","1","Central","1","Bobonong",NA,NA,"Sub-district","Sub-district","BWA_adm2"
"1",2003,0.333510246990502,"30","BWA","Botswana","1","Central","1","Bobonong",NA,NA,"Sub-district","Sub-district","BWA_adm2"
"1",2004,0.323929504726161,"30","BWA","Botswana","1","Central","1","Bobonong",NA,NA,"Sub-district","Sub-district","BWA_adm2"
"1",2005,0.310543652511216,"30","BWA","Botswana","1","Central","1","Bobonong",NA,NA,"Sub-district","Sub-district","BWA_adm2"
"1",2006,0.307012604953886,"30","BWA","Botswana","1","Central","1","Bobonong",NA,NA,"Sub-district","Sub-district","BWA_adm2"
"1",2007,0.304355067368275,"30","BWA","Botswana","1","Central","1","Bobonong",NA,NA,"Sub-district","Sub-district","BWA_adm2"
"1",2008,0.300880023787444,"30","BWA","Botswana","1","Central","1","Bobonong",NA,NA,"Sub-district","Sub-district","BWA_adm2"
"1",2009,0.297340850272128,"30","BWA","Botswana","1","Central","1","Bobonong",NA,NA,"Sub-district","Sub-district","BWA_adm2"
"1",2010,0.299730390309308,"30","BWA","Botswana","1","Central","1","Bobonong",NA,NA,"Sub-district","Sub-district","BWA_adm2"
"1",2011,0.298014923070822,"30","BWA","Botswana","1","Central","1","Bobonong",NA,NA,"Sub-district","Sub-district","BWA_adm2"
"1",2012,0.291251802712634,"30","BWA","Botswana","1","Central","1","Bobonong",NA,NA,"Sub-district","Sub-district","BWA_adm2"
"1",2013,0.284886097206935,"30","BWA","Botswana","1","Central","1","Bobonong",NA,NA,"Sub-district","Sub-district","BWA_adm2"
"1",2014,0.281363258469432,"30","BWA","Botswana","1","Central","1","Bobonong",NA,NA,"Sub-district","Sub-district","BWA_adm2"
"1",2015,0.280195338353331,"30","BWA","Botswana","1","Central","1","Bobonong",NA,NA,"Sub-district","Sub-district","BWA_adm2"
"1",2016,0.274061735002831,"30","BWA","Botswana","1","Central","1","Bobonong",NA,NA,"Sub-district","Sub-district","BWA_adm2"
"1",2017,0.275055771141729,"30","BWA","Botswana","1","Central","1","Bobonong",NA,NA,"Sub-district","Sub-district","BWA_adm2"
"10",2000,0.197526355984969,"30","BWA","Botswana","3","Kgalagadi","10","Gemsbok",NA,NA,"Unknown","Unknown","BWA_adm2"
"10",2001,0.194135576555427,"30","BWA","Botswana","3","Kgalagadi","10","Gemsbok",NA,NA,"Unknown","Unknown","BWA_adm2"
"10",2002,0.198840771925023,"30","BWA","Botswana","3","Kgalagadi","10","Gemsbok",NA,NA,"Unknown","Unknown","BWA_adm2"
"10",2003,0.187166679789443,"30","BWA","Botswana","3","Kgalagadi","10","Gemsbok",NA,NA,"Unknown","Unknown","BWA_adm2"
"10",2004,0.189425545404445,"30","BWA","Botswana","3","Kgalagadi","10","Gemsbok",NA,NA,"Unknown","Unknown","BWA_adm2"
"10",2005,0.185678345893911,"30","BWA","Botswana","3","Kgalagadi","10","Gemsbok",NA,NA,"Unknown","Unknown","BWA_adm2"
"10",2006,0.185847927507422,"30","BWA","Botswana","3","Kgalagadi","10","Gemsbok",NA,NA,"Unknown","Unknown","BWA_adm2"
"10",2007,0.180905840418883,"30","BWA","Botswana","3","Kgalagadi","10","Gemsbok",NA,NA,"Unknown","Unknown","BWA_adm2"
"10",2008,0.176338887514098,"30","BWA","Botswana","3","Kgalagadi","10","Gemsbok",NA,NA,"Unknown","Unknown","BWA_adm2"
"10",2009,0.172925254197483,"30","BWA","Botswana","3","Kgalagadi","10","Gemsbok",NA,NA,"Unknown","Unknown","BWA_adm2"
"10",2010,0.178796497326328,"30","BWA","Botswana","3","Kgalagadi","10","Gemsbok",NA,NA,"Unknown","Unknown","BWA_adm2"
"10",2011,0.184481514249931,"30","BWA","Botswana","3","Kgalagadi","10","Gemsbok",NA,NA,"Unknown","Unknown","BWA_adm2"
"10",2012,0.174308366787351,"30","BWA","Botswana","3","Kgalagadi","10","Gemsbok",NA,NA,"Unknown","Unknown","BWA_adm2"
"10",2013,0.172818759444295,"30","BWA","Botswana","3","Kgalagadi","10","Gemsbok",NA,NA,"Unknown","Unknown","BWA_adm2"
"10",2014,0.170641078517973,"30","BWA","Botswana","3","Kgalagadi","10","Gemsbok",NA,NA,"Unknown","Unknown","BWA_adm2"
"10",2015,0.167729282304478,"30","BWA","Botswana","3","Kgalagadi","10","Gemsbok",NA,NA,"Unknown","Unknown","BWA_adm2"
"10",2016,0.166337089025874,"30","BWA","Botswana","3","Kgalagadi","10","Gemsbok",NA,NA,"Unknown","Unknown","BWA_adm2"
"10",2017,0.164149908719889,"30","BWA","Botswana","3","Kgalagadi","10","Gemsbok",NA,NA,"Unknown","Unknown","BWA_adm2"
"11",2000,0.239344376356853,"30","BWA","Botswana","3","Kgalagadi","11","Hukunsti",NA,"Kgalagadi North","Sub-district","Sub-district","BWA_adm2"
"11",2001,0.231646851876302,"30","BWA","Botswana","3","Kgalagadi","11","Hukunsti",NA,"Kgalagadi North","Sub-district","Sub-district","BWA_adm2"
"11",2002,0.236726346513603,"30","BWA","Botswana","3","Kgalagadi","11","Hukunsti",NA,"Kgalagadi North","Sub-district","Sub-district","BWA_adm2"
"11",2003,0.218972988684297,"30","BWA","Botswana","3","Kgalagadi","11","Hukunsti",NA,"Kgalagadi North","Sub-district","Sub-district","BWA_adm2"
"11",2004,0.220435758722769,"30","BWA","Botswana","3","Kgalagadi","11","Hukunsti",NA,"Kgalagadi North","Sub-district","Sub-district","BWA_adm2"
"11",2005,0.215024547967822,"30","BWA","Botswana","3","Kgalagadi","11","Hukunsti",NA,"Kgalagadi North","Sub-district","Sub-district","BWA_adm2"
"11",2006,0.214029960481408,"30","BWA","Botswana","3","Kgalagadi","11","Hukunsti",NA,"Kgalagadi North","Sub-district","Sub-district","BWA_adm2"
"11",2007,0.208263650746775,"30","BWA","Botswana","3","Kgalagadi","11","Hukunsti",NA,"Kgalagadi North","Sub-district","Sub-district","BWA_adm2"
"11",2008,0.202145546809933,"30","BWA","Botswana","3","Kgalagadi","11","Hukunsti",NA,"Kgalagadi North","Sub-district","Sub-district","BWA_adm2"
"11",2009,0.197274548860788,"30","BWA","Botswana","3","Kgalagadi","11","Hukunsti",NA,"Kgalagadi North","Sub-district","Sub-district","BWA_adm2"
"11",2010,0.204628561159911,"30","BWA","Botswana","3","Kgalagadi","11","Hukunsti",NA,"Kgalagadi North","Sub-district","Sub-district","BWA_adm2"
"11",2011,0.212949005839635,"30","BWA","Botswana","3","Kgalagadi","11","Hukunsti",NA,"Kgalagadi North","Sub-district","Sub-district","BWA_adm2"
"11",2012,0.205690673338443,"30","BWA","Botswana","3","Kgalagadi","11","Hukunsti",NA,"Kgalagadi North","Sub-district","Sub-district","BWA_adm2"
"11",2013,0.204401758473174,"30","BWA","Botswana","3","Kgalagadi","11","Hukunsti",NA,"Kgalagadi North","Sub-district","Sub-district","BWA_adm2"
"11",2014,0.20130855547544,"30","BWA","Botswana","3","Kgalagadi","11","Hukunsti",NA,"Kgalagadi North","Sub-district","Sub-district","BWA_adm2"
"11",2015,0.196234229887708,"30","BWA","Botswana","3","Kgalagadi","11","Hukunsti",NA,"Kgalagadi North","Sub-district","Sub-district","BWA_adm2"
"11",2016,0.192194190161822,"30","BWA","Botswana","3","Kgalagadi","11","Hukunsti",NA,"Kgalagadi North","Sub-district","Sub-district","BWA_adm2"
"11",2017,0.188761723254159,"30","BWA","Botswana","3","Kgalagadi","11","Hukunsti",NA,"Kgalagadi North","Sub-district","Sub-district","BWA_adm2"
"12",2000,0.216015249121788,"30","BWA","Botswana","3","Kgalagadi","12","Tshabong",NA,"Kgalagadi South","Sub-district","Sub-district","BWA_adm2"
"12",2001,0.207573072339928,"30","BWA","Botswana","3","Kgalagadi","12","Tshabong",NA,"Kgalagadi South","Sub-district","Sub-district","BWA_adm2"
"12",2002,0.211228027961102,"30","BWA","Botswana","3","Kgalagadi","12","Tshabong",NA,"Kgalagadi South","Sub-district","Sub-district","BWA_adm2"
"12",2003,0.200896291873246,"30","BWA","Botswana","3","Kgalagadi","12","Tshabong",NA,"Kgalagadi South","Sub-district","Sub-district","BWA_adm2"
"12",2004,0.204233766098883,"30","BWA","Botswana","3","Kgalagadi","12","Tshabong",NA,"Kgalagadi South","Sub-district","Sub-district","BWA_adm2"
"12",2005,0.200966469024953,"30","BWA","Botswana","3","Kgalagadi","12","Tshabong",NA,"Kgalagadi South","Sub-district","Sub-district","BWA_adm2"
"12",2006,0.197816912504116,"30","BWA","Botswana","3","Kgalagadi","12","Tshabong",NA,"Kgalagadi South","Sub-district","Sub-district","BWA_adm2"
"12",2007,0.195497487834296,"30","BWA","Botswana","3","Kgalagadi","12","Tshabong",NA,"Kgalagadi South","Sub-district","Sub-district","BWA_adm2"
"12",2008,0.197100530736491,"30","BWA","Botswana","3","Kgalagadi","12","Tshabong",NA,"Kgalagadi South","Sub-district","Sub-district","BWA_adm2"
"12",2009,0.1944091619633,"30","BWA","Botswana","3","Kgalagadi","12","Tshabong",NA,"Kgalagadi South","Sub-district","Sub-district","BWA_adm2"
"12",2010,0.199013602976119,"30","BWA","Botswana","3","Kgalagadi","12","Tshabong",NA,"Kgalagadi South","Sub-district","Sub-district","BWA_adm2"
"12",2011,0.20342526630647,"30","BWA","Botswana","3","Kgalagadi","12","Tshabong",NA,"Kgalagadi South","Sub-district","Sub-district","BWA_adm2"
"12",2012,0.189346885582745,"30","BWA","Botswana","3","Kgalagadi","12","Tshabong",NA,"Kgalagadi South","Sub-district","Sub-district","BWA_adm2"
"12",2013,0.183077325049827,"30","BWA","Botswana","3","Kgalagadi","12","Tshabong",NA,"Kgalagadi South","Sub-district","Sub-district","BWA_adm2"
"12",2014,0.182037282684404,"30","BWA","Botswana","3","Kgalagadi","12","Tshabong",NA,"Kgalagadi South","Sub-district","Sub-district","BWA_adm2"
"12",2015,0.180118642962905,"30","BWA","Botswana","3","Kgalagadi","12","Tshabong",NA,"Kgalagadi South","Sub-district","Sub-district","BWA_adm2"
"12",2016,0.17960305908839,"30","BWA","Botswana","3","Kgalagadi","12","Tshabong",NA,"Kgalagadi South","Sub-district","Sub-district","BWA_adm2"
"12",2017,0.181201320463742,"30","BWA","Botswana","3","Kgalagadi","12","Tshabong",NA,"Kgalagadi South","Sub-district","Sub-district","BWA_adm2"
"13",2000,0.195146505628199,"30","BWA","Botswana","4","Kgatleng","13","Kgatleng",NA,NA,"Sub-district","Sub-district","BWA_adm2"
"13",2001,0.192414935999281,"30","BWA","Botswana","4","Kgatleng","13","Kgatleng",NA,NA,"Sub-district","Sub-district","BWA_adm2"
"13",2002,0.201550819192862,"30","BWA","Botswana","4","Kgatleng","13","Kgatleng",NA,NA,"Sub-district","Sub-district","BWA_adm2"
"13",2003,0.207010698928996,"30","BWA","Botswana","4","Kgatleng","13","Kgatleng",NA,NA,"Sub-district","Sub-district","BWA_adm2"
"13",2004,0.202068780108232,"30","BWA","Botswana","4","Kgatleng","13","Kgatleng",NA,NA,"Sub-district","Sub-district","BWA_adm2"
"13",2005,0.205284305974434,"30","BWA","Botswana","4","Kgatleng","13","Kgatleng",NA,NA,"Sub-district","Sub-district","BWA_adm2"
"13",2006,0.201974198277418,"30","BWA","Botswana","4","Kgatleng","13","Kgatleng",NA,NA,"Sub-district","Sub-district","BWA_adm2"
"13",2007,0.196483990677363,"30","BWA","Botswana","4","Kgatleng","13","Kgatleng",NA,NA,"Sub-district","Sub-district","BWA_adm2"
"13",2008,0.189390824022698,"30","BWA","Botswana","4","Kgatleng","13","Kgatleng",NA,NA,"Sub-district","Sub-district","BWA_adm2"
"13",2009,0.188505905603722,"30","BWA","Botswana","4","Kgatleng","13","Kgatleng",NA,NA,"Sub-district","Sub-district","BWA_adm2"
"13",2010,0.189383217336828,"30","BWA","Botswana","4","Kgatleng","13","Kgatleng",NA,NA,"Sub-district","Sub-district","BWA_adm2"
"13",2011,0.196250224342348,"30","BWA","Botswana","4","Kgatleng","13","Kgatleng",NA,NA,"Sub-district","Sub-district","BWA_adm2"
"13",2012,0.20489235419253,"30","BWA","Botswana","4","Kgatleng","13","Kgatleng",NA,NA,"Sub-district","Sub-district","BWA_adm2"
"13",2013,0.208194223211389,"30","BWA","Botswana","4","Kgatleng","13","Kgatleng",NA,NA,"Sub-district","Sub-district","BWA_adm2"
"13",2014,0.209010637638382,"30","BWA","Botswana","4","Kgatleng","13","Kgatleng",NA,NA,"Sub-district","Sub-district","BWA_adm2"
"13",2015,0.214659182216527,"30","BWA","Botswana","4","Kgatleng","13","Kgatleng",NA,NA,"Sub-district","Sub-district","BWA_adm2"
"13",2016,0.219518111034481,"30","BWA","Botswana","4","Kgatleng","13","Kgatleng",NA,NA,"Sub-district","Sub-district","BWA_adm2"
"13",2017,0.220768031341099,"30","BWA","Botswana","4","Kgatleng","13","Kgatleng",NA,NA,"Sub-district","Sub-district","BWA_adm2"
"14",2000,0.226408467571597,"30","BWA","Botswana","5","Kweneng","14","Kweneng North",NA,"Kweneng East","Sub-district","Sub-district","BWA_adm2"
"14",2001,0.220161989884109,"30","BWA","Botswana","5","Kweneng","14","Kweneng North",NA,"Kweneng East","Sub-district","Sub-district","BWA_adm2"
"14",2002,0.224280888249761,"30","BWA","Botswana","5","Kweneng","14","Kweneng North",NA,"Kweneng East","Sub-district","Sub-district","BWA_adm2"
"14",2003,0.225203002525981,"30","BWA","Botswana","5","Kweneng","14","Kweneng North",NA,"Kweneng East","Sub-district","Sub-district","BWA_adm2"
"14",2004,0.220985774858499,"30","BWA","Botswana","5","Kweneng","14","Kweneng North",NA,"Kweneng East","Sub-district","Sub-district","BWA_adm2"
"14",2005,0.222745256998075,"30","BWA","Botswana","5","Kweneng","14","Kweneng North",NA,"Kweneng East","Sub-district","Sub-district","BWA_adm2"
"14",2006,0.216624753715016,"30","BWA","Botswana","5","Kweneng","14","Kweneng North",NA,"Kweneng East","Sub-district","Sub-district","BWA_adm2"
"14",2007,0.210684054734359,"30","BWA","Botswana","5","Kweneng","14","Kweneng North",NA,"Kweneng East","Sub-district","Sub-district","BWA_adm2"
"14",2008,0.204828111180408,"30","BWA","Botswana","5","Kweneng","14","Kweneng North",NA,"Kweneng East","Sub-district","Sub-district","BWA_adm2"
"14",2009,0.203903299424872,"30","BWA","Botswana","5","Kweneng","14","Kweneng North",NA,"Kweneng East","Sub-district","Sub-district","BWA_adm2"
"14",2010,0.203410545750684,"30","BWA","Botswana","5","Kweneng","14","Kweneng North",NA,"Kweneng East","Sub-district","Sub-district","BWA_adm2"
"14",2011,0.205860784561254,"30","BWA","Botswana","5","Kweneng","14","Kweneng North",NA,"Kweneng East","Sub-district","Sub-district","BWA_adm2"
"14",2012,0.213779153828461,"30","BWA","Botswana","5","Kweneng","14","Kweneng North",NA,"Kweneng East","Sub-district","Sub-district","BWA_adm2"
"14",2013,0.219932257988641,"30","BWA","Botswana","5","Kweneng","14","Kweneng North",NA,"Kweneng East","Sub-district","Sub-district","BWA_adm2"
"14",2014,0.218162050344413,"30","BWA","Botswana","5","Kweneng","14","Kweneng North",NA,"Kweneng East","Sub-district","Sub-district","BWA_adm2"
"14",2015,0.21939075099271,"30","BWA","Botswana","5","Kweneng","14","Kweneng North",NA,"Kweneng East","Sub-district","Sub-district","BWA_adm2"
"14",2016,0.223336050181545,"30","BWA","Botswana","5","Kweneng","14","Kweneng North",NA,"Kweneng East","Sub-district","Sub-district","BWA_adm2"
"14",2017,0.224523340024548,"30","BWA","Botswana","5","Kweneng","14","Kweneng North",NA,"Kweneng East","Sub-district","Sub-district","BWA_adm2"
"15",2000,0.237471727612773,"30","BWA","Botswana","5","Kweneng","15","Kweneng South",NA,"Kweneng West","Sub-district","Sub-district","BWA_adm2"
"15",2001,0.224665778520918,"30","BWA","Botswana","5","Kweneng","15","Kweneng South",NA,"Kweneng West","Sub-district","Sub-district","BWA_adm2"
"15",2002,0.224624646064642,"30","BWA","Botswana","5","Kweneng","15","Kweneng South",NA,"Kweneng West","Sub-district","Sub-district","BWA_adm2"
"15",2003,0.218435179523417,"30","BWA","Botswana","5","Kweneng","15","Kweneng South",NA,"Kweneng West","Sub-district","Sub-district","BWA_adm2"
"15",2004,0.21445809286838,"30","BWA","Botswana","5","Kweneng","15","Kweneng South",NA,"Kweneng West","Sub-district","Sub-district","BWA_adm2"
"15",2005,0.213485166075513,"30","BWA","Botswana","5","Kweneng","15","Kweneng South",NA,"Kweneng West","Sub-district","Sub-district","BWA_adm2"
"15",2006,0.207730464281286,"30","BWA","Botswana","5","Kweneng","15","Kweneng South",NA,"Kweneng West","Sub-district","Sub-district","BWA_adm2"
"15",2007,0.202198402763762,"30","BWA","Botswana","5","Kweneng","15","Kweneng South",NA,"Kweneng West","Sub-district","Sub-district","BWA_adm2"
"15",2008,0.199220591273586,"30","BWA","Botswana","5","Kweneng","15","Kweneng South",NA,"Kweneng West","Sub-district","Sub-district","BWA_adm2"
"15",2009,0.200437126477218,"30","BWA","Botswana","5","Kweneng","15","Kweneng South",NA,"Kweneng West","Sub-district","Sub-district","BWA_adm2"
"15",2010,0.199191210225848,"30","BWA","Botswana","5","Kweneng","15","Kweneng South",NA,"Kweneng West","Sub-district","Sub-district","BWA_adm2"
"15",2011,0.199527755881845,"30","BWA","Botswana","5","Kweneng","15","Kweneng South",NA,"Kweneng West","Sub-district","Sub-district","BWA_adm2"
"15",2012,0.203454659673646,"30","BWA","Botswana","5","Kweneng","15","Kweneng South",NA,"Kweneng West","Sub-district","Sub-district","BWA_adm2"
"15",2013,0.207939664629646,"30","BWA","Botswana","5","Kweneng","15","Kweneng South",NA,"Kweneng West","Sub-district","Sub-district","BWA_adm2"
"15",2014,0.205673096061163,"30","BWA","Botswana","5","Kweneng","15","Kweneng South",NA,"Kweneng West","Sub-district","Sub-district","BWA_adm2"
"15",2015,0.206008413271448,"30","BWA","Botswana","5","Kweneng","15","Kweneng South",NA,"Kweneng West","Sub-district","Sub-district","BWA_adm2"
"15",2016,0.208427285927088,"30","BWA","Botswana","5","Kweneng","15","Kweneng South",NA,"Kweneng West","Sub-district","Sub-district","BWA_adm2"
"15",2017,0.209343480316341,"30","BWA","Botswana","5","Kweneng","15","Kweneng South",NA,"Kweneng West","Sub-district","Sub-district","BWA_adm2"
"16",2000,0.365869391967505,"30","BWA","Botswana","6","North-East","16","Masungu",NA,"North East and Francistown","Sub-district","Sub-district","BWA_adm2"
"16",2001,0.377405897626873,"30","BWA","Botswana","6","North-East","16","Masungu",NA,"North East and Francistown","Sub-district","Sub-district","BWA_adm2"
"16",2002,0.347684785373319,"30","BWA","Botswana","6","North-East","16","Masungu",NA,"North East and Francistown","Sub-district","Sub-district","BWA_adm2"
"16",2003,0.33754325299037,"30","BWA","Botswana","6","North-East","16","Masungu",NA,"North East and Francistown","Sub-district","Sub-district","BWA_adm2"
"16",2004,0.32529611903608,"30","BWA","Botswana","6","North-East","16","Masungu",NA,"North East and Francistown","Sub-district","Sub-district","BWA_adm2"
"16",2005,0.316377050095529,"30","BWA","Botswana","6","North-East","16","Masungu",NA,"North East and Francistown","Sub-district","Sub-district","BWA_adm2"
"16",2006,0.313766594454857,"30","BWA","Botswana","6","North-East","16","Masungu",NA,"North East and Francistown","Sub-district","Sub-district","BWA_adm2"
"16",2007,0.310336081116748,"30","BWA","Botswana","6","North-East","16","Masungu",NA,"North East and Francistown","Sub-district","Sub-district","BWA_adm2"
"16",2008,0.306676915234105,"30","BWA","Botswana","6","North-East","16","Masungu",NA,"North East and Francistown","Sub-district","Sub-district","BWA_adm2"
"16",2009,0.299175619321834,"30","BWA","Botswana","6","North-East","16","Masungu",NA,"North East and Francistown","Sub-district","Sub-district","BWA_adm2"
"16",2010,0.303026248102583,"30","BWA","Botswana","6","North-East","16","Masungu",NA,"North East and Francistown","Sub-district","Sub-district","BWA_adm2"
"16",2011,0.299432861070933,"30","BWA","Botswana","6","North-East","16","Masungu",NA,"North East and Francistown","Sub-district","Sub-district","BWA_adm2"
"16",2012,0.292520069202188,"30","BWA","Botswana","6","North-East","16","Masungu",NA,"North East and Francistown","Sub-district","Sub-district","BWA_adm2"
"16",2013,0.292502770223991,"30","BWA","Botswana","6","North-East","16","Masungu",NA,"North East and Francistown","Sub-district","Sub-district","BWA_adm2"
"16",2014,0.28875166868662,"30","BWA","Botswana","6","North-East","16","Masungu",NA,"North East and Francistown","Sub-district","Sub-district","BWA_adm2"
"16",2015,0.286291014043561,"30","BWA","Botswana","6","North-East","16","Masungu",NA,"North East and Francistown","Sub-district","Sub-district","BWA_adm2"
"16",2016,0.280221644356911,"30","BWA","Botswana","6","North-East","16","Masungu",NA,"North East and Francistown","Sub-district","Sub-district","BWA_adm2"
"16",2017,0.277315334000105,"30","BWA","Botswana","6","North-East","16","Masungu",NA,"North East and Francistown","Sub-district","Sub-district","BWA_adm2"
"17",2000,0.336898124358875,"30","BWA","Botswana","7","North-West","17","Chobe",NA,NA,"Sub-district","Sub-district","BWA_adm2"
"17",2001,0.361272667221503,"30","BWA","Botswana","7","North-West","17","Chobe",NA,NA,"Sub-district","Sub-district","BWA_adm2"
"17",2002,0.356982144148574,"30","BWA","Botswana","7","North-West","17","Chobe",NA,NA,"Sub-district","Sub-district","BWA_adm2"
"17",2003,0.345380994836268,"30","BWA","Botswana","7","North-West","17","Chobe",NA,NA,"Sub-district","Sub-district","BWA_adm2"
"17",2004,0.360883894743004,"30","BWA","Botswana","7","North-West","17","Chobe",NA,NA,"Sub-district","Sub-district","BWA_adm2"
"17",2005,0.337148623675793,"30","BWA","Botswana","7","North-West","17","Chobe",NA,NA,"Sub-district","Sub-district","BWA_adm2"
"17",2006,0.341647381291658,"30","BWA","Botswana","7","North-West","17","Chobe",NA,NA,"Sub-district","Sub-district","BWA_adm2"
"17",2007,0.335563602903769,"30","BWA","Botswana","7","North-West","17","Chobe",NA,NA,"Sub-district","Sub-district","BWA_adm2"
"17",2008,0.318015233789797,"30","BWA","Botswana","7","North-West","17","Chobe",NA,NA,"Sub-district","Sub-district","BWA_adm2"
"17",2009,0.308573569098494,"30","BWA","Botswana","7","North-West","17","Chobe",NA,NA,"Sub-district","Sub-district","BWA_adm2"
"17",2010,0.304606092734632,"30","BWA","Botswana","7","North-West","17","Chobe",NA,NA,"Sub-district","Sub-district","BWA_adm2"
"17",2011,0.306461745740041,"30","BWA","Botswana","7","North-West","17","Chobe",NA,NA,"Sub-district","Sub-district","BWA_adm2"
"17",2012,0.292029626857262,"30","BWA","Botswana","7","North-West","17","Chobe",NA,NA,"Sub-district","Sub-district","BWA_adm2"
"17",2013,0.285117494881547,"30","BWA","Botswana","7","North-West","17","Chobe",NA,NA,"Sub-district","Sub-district","BWA_adm2"
"17",2014,0.283456071657773,"30","BWA","Botswana","7","North-West","17","Chobe",NA,NA,"Sub-district","Sub-district","BWA_adm2"
"17",2015,0.278320087173057,"30","BWA","Botswana","7","North-West","17","Chobe",NA,NA,"Sub-district","Sub-district","BWA_adm2"
"17",2016,0.267424932004621,"30","BWA","Botswana","7","North-West","17","Chobe",NA,NA,"Sub-district","Sub-district","BWA_adm2"
"17",2017,0.262691409443102,"30","BWA","Botswana","7","North-West","17","Chobe",NA,NA,"Sub-district","Sub-district","BWA_adm2"
"18",2000,0.265255050461485,"30","BWA","Botswana","7","North-West","18","Ngamiland East",NA,"Ngamiland North","Sub-district","Sub-district","BWA_adm2"
"18",2001,0.278176093167226,"30","BWA","Botswana","7","North-West","18","Ngamiland East",NA,"Ngamiland North","Sub-district","Sub-district","BWA_adm2"
"18",2002,0.279390856396169,"30","BWA","Botswana","7","North-West","18","Ngamiland East",NA,"Ngamiland North","Sub-district","Sub-district","BWA_adm2"
"18",2003,0.260926159545901,"30","BWA","Botswana","7","North-West","18","Ngamiland East",NA,"Ngamiland North","Sub-district","Sub-district","BWA_adm2"
"18",2004,0.260115115783108,"30","BWA","Botswana","7","North-West","18","Ngamiland East",NA,"Ngamiland North","Sub-district","Sub-district","BWA_adm2"
"18",2005,0.247343717301485,"30","BWA","Botswana","7","North-West","18","Ngamiland East",NA,"Ngamiland North","Sub-district","Sub-district","BWA_adm2"
"18",2006,0.26519081638561,"30","BWA","Botswana","7","North-West","18","Ngamiland East",NA,"Ngamiland North","Sub-district","Sub-district","BWA_adm2"
"18",2007,0.269990582428018,"30","BWA","Botswana","7","North-West","18","Ngamiland East",NA,"Ngamiland North","Sub-district","Sub-district","BWA_adm2"
"18",2008,0.254372384530055,"30","BWA","Botswana","7","North-West","18","Ngamiland East",NA,"Ngamiland North","Sub-district","Sub-district","BWA_adm2"
"18",2009,0.23804917710123,"30","BWA","Botswana","7","North-West","18","Ngamiland East",NA,"Ngamiland North","Sub-district","Sub-district","BWA_adm2"
"18",2010,0.223722710966433,"30","BWA","Botswana","7","North-West","18","Ngamiland East",NA,"Ngamiland North","Sub-district","Sub-district","BWA_adm2"
"18",2011,0.216260030492958,"30","BWA","Botswana","7","North-West","18","Ngamiland East",NA,"Ngamiland North","Sub-district","Sub-district","BWA_adm2"
"18",2012,0.205658311150797,"30","BWA","Botswana","7","North-West","18","Ngamiland East",NA,"Ngamiland North","Sub-district","Sub-district","BWA_adm2"
"18",2013,0.195363273504247,"30","BWA","Botswana","7","North-West","18","Ngamiland East",NA,"Ngamiland North","Sub-district","Sub-district","BWA_adm2"
"18",2014,0.194220025256509,"30","BWA","Botswana","7","North-West","18","Ngamiland East",NA,"Ngamiland North","Sub-district","Sub-district","BWA_adm2"
"18",2015,0.188425190207313,"30","BWA","Botswana","7","North-West","18","Ngamiland East",NA,"Ngamiland North","Sub-district","Sub-district","BWA_adm2"
"18",2016,0.182073341148725,"30","BWA","Botswana","7","North-West","18","Ngamiland East",NA,"Ngamiland North","Sub-district","Sub-district","BWA_adm2"
"18",2017,0.179555589635293,"30","BWA","Botswana","7","North-West","18","Ngamiland East",NA,"Ngamiland North","Sub-district","Sub-district","BWA_adm2"
"19",2000,0.244592418974173,"30","BWA","Botswana","7","North-West","19","Ngamiland West",NA,NA,"Unknown","Unknown","BWA_adm2"
"19",2001,0.258413196130734,"30","BWA","Botswana","7","North-West","19","Ngamiland West",NA,NA,"Unknown","Unknown","BWA_adm2"
"19",2002,0.262990264485341,"30","BWA","Botswana","7","North-West","19","Ngamiland West",NA,NA,"Unknown","Unknown","BWA_adm2"
"19",2003,0.241385689616514,"30","BWA","Botswana","7","North-West","19","Ngamiland West",NA,NA,"Unknown","Unknown","BWA_adm2"
"19",2004,0.238811640434328,"30","BWA","Botswana","7","North-West","19","Ngamiland West",NA,NA,"Unknown","Unknown","BWA_adm2"
"19",2005,0.229803115027066,"30","BWA","Botswana","7","North-West","19","Ngamiland West",NA,NA,"Unknown","Unknown","BWA_adm2"
"19",2006,0.244748476374742,"30","BWA","Botswana","7","North-West","19","Ngamiland West",NA,NA,"Unknown","Unknown","BWA_adm2"
"19",2007,0.245609346515613,"30","BWA","Botswana","7","North-West","19","Ngamiland West",NA,NA,"Unknown","Unknown","BWA_adm2"
"19",2008,0.232706604701953,"30","BWA","Botswana","7","North-West","19","Ngamiland West",NA,NA,"Unknown","Unknown","BWA_adm2"
"19",2009,0.225659002573853,"30","BWA","Botswana","7","North-West","19","Ngamiland West",NA,NA,"Unknown","Unknown","BWA_adm2"
"19",2010,0.215437531964272,"30","BWA","Botswana","7","North-West","19","Ngamiland West",NA,NA,"Unknown","Unknown","BWA_adm2"
"19",2011,0.211106408962786,"30","BWA","Botswana","7","North-West","19","Ngamiland West",NA,NA,"Unknown","Unknown","BWA_adm2"
"19",2012,0.205499653721627,"30","BWA","Botswana","7","North-West","19","Ngamiland West",NA,NA,"Unknown","Unknown","BWA_adm2"
"19",2013,0.197971275528749,"30","BWA","Botswana","7","North-West","19","Ngamiland West",NA,NA,"Unknown","Unknown","BWA_adm2"
"19",2014,0.192507911618353,"30","BWA","Botswana","7","North-West","19","Ngamiland West",NA,NA,"Unknown","Unknown","BWA_adm2"
"19",2015,0.185067397411065,"30","BWA","Botswana","7","North-West","19","Ngamiland West",NA,NA,"Unknown","Unknown","BWA_adm2"
"19",2016,0.177033097133626,"30","BWA","Botswana","7","North-West","19","Ngamiland West",NA,NA,"Unknown","Unknown","BWA_adm2"
"19",2017,0.172897023382834,"30","BWA","Botswana","7","North-West","19","Ngamiland West",NA,NA,"Unknown","Unknown","BWA_adm2"
"2",2000,0.247307566749892,"30","BWA","Botswana","1","Central","2","Lethlakane",NA,"Orapa","Town Council","Town Council","BWA_adm2"
"2",2001,0.258032390062444,"30","BWA","Botswana","1","Central","2","Lethlakane",NA,"Orapa","Town Council","Town Council","BWA_adm2"
"2",2002,0.251173653467172,"30","BWA","Botswana","1","Central","2","Lethlakane",NA,"Orapa","Town Council","Town Council","BWA_adm2"
"2",2003,0.240086371290662,"30","BWA","Botswana","1","Central","2","Lethlakane",NA,"Orapa","Town Council","Town Council","BWA_adm2"
"2",2004,0.243818262930581,"30","BWA","Botswana","1","Central","2","Lethlakane",NA,"Orapa","Town Council","Town Council","BWA_adm2"
"2",2005,0.24207642497471,"30","BWA","Botswana","1","Central","2","Lethlakane",NA,"Orapa","Town Council","Town Council","BWA_adm2"
"2",2006,0.243902383665293,"30","BWA","Botswana","1","Central","2","Lethlakane",NA,"Orapa","Town Council","Town Council","BWA_adm2"
"2",2007,0.247696480731317,"30","BWA","Botswana","1","Central","2","Lethlakane",NA,"Orapa","Town Council","Town Council","BWA_adm2"
"2",2008,0.247353216090025,"30","BWA","Botswana","1","Central","2","Lethlakane",NA,"Orapa","Town Council","Town Council","BWA_adm2"
"2",2009,0.245108253511937,"30","BWA","Botswana","1","Central","2","Lethlakane",NA,"Orapa","Town Council","Town Council","BWA_adm2"
"2",2010,0.233824647047305,"30","BWA","Botswana","1","Central","2","Lethlakane",NA,"Orapa","Town Council","Town Council","BWA_adm2"
"2",2011,0.223766882473988,"30","BWA","Botswana","1","Central","2","Lethlakane",NA,"Orapa","Town Council","Town Council","BWA_adm2"
"2",2012,0.214088208240859,"30","BWA","Botswana","1","Central","2","Lethlakane",NA,"Orapa","Town Council","Town Council","BWA_adm2"
"2",2013,0.208892036708891,"30","BWA","Botswana","1","Central","2","Lethlakane",NA,"Orapa","Town Council","Town Council","BWA_adm2"
"2",2014,0.208572781600379,"30","BWA","Botswana","1","Central","2","Lethlakane",NA,"Orapa","Town Council","Town Council","BWA_adm2"
"2",2015,0.20737962038368,"30","BWA","Botswana","1","Central","2","Lethlakane",NA,"Orapa","Town Council","Town Council","BWA_adm2"
"2",2016,0.203217404297859,"30","BWA","Botswana","1","Central","2","Lethlakane",NA,"Orapa","Town Council","Town Council","BWA_adm2"
"2",2017,0.2017304107504,"30","BWA","Botswana","1","Central","2","Lethlakane",NA,"Orapa","Town Council","Town Council","BWA_adm2"
"20",2000,0.232150723738893,"30","BWA","Botswana","8","South-East","20","Gaborone",NA,NA,"Town Council","Town Council","BWA_adm2"
"20",2001,0.226758435694858,"30","BWA","Botswana","8","South-East","20","Gaborone",NA,NA,"Town Council","Town Council","BWA_adm2"
"20",2002,0.232323351467064,"30","BWA","Botswana","8","South-East","20","Gaborone",NA,NA,"Town Council","Town Council","BWA_adm2"
"20",2003,0.233133232619208,"30","BWA","Botswana","8","South-East","20","Gaborone",NA,NA,"Town Council","Town Council","BWA_adm2"
"20",2004,0.223878824949054,"30","BWA","Botswana","8","South-East","20","Gaborone",NA,NA,"Town Council","Town Council","BWA_adm2"
"20",2005,0.225140463419965,"30","BWA","Botswana","8","South-East","20","Gaborone",NA,NA,"Town Council","Town Council","BWA_adm2"
"20",2006,0.218640735578993,"30","BWA","Botswana","8","South-East","20","Gaborone",NA,NA,"Town Council","Town Council","BWA_adm2"
"20",2007,0.210014632746435,"30","BWA","Botswana","8","South-East","20","Gaborone",NA,NA,"Town Council","Town Council","BWA_adm2"
"20",2008,0.202064022577105,"30","BWA","Botswana","8","South-East","20","Gaborone",NA,NA,"Town Council","Town Council","BWA_adm2"
"20",2009,0.197519720464116,"30","BWA","Botswana","8","South-East","20","Gaborone",NA,NA,"Town Council","Town Council","BWA_adm2"
"20",2010,0.195075997557758,"30","BWA","Botswana","8","South-East","20","Gaborone",NA,NA,"Town Council","Town Council","BWA_adm2"
"20",2011,0.196423599100157,"30","BWA","Botswana","8","South-East","20","Gaborone",NA,NA,"Town Council","Town Council","BWA_adm2"
"20",2012,0.204921940258537,"30","BWA","Botswana","8","South-East","20","Gaborone",NA,NA,"Town Council","Town Council","BWA_adm2"
"20",2013,0.206625814250257,"30","BWA","Botswana","8","South-East","20","Gaborone",NA,NA,"Town Council","Town Council","BWA_adm2"
"20",2014,0.212056365398604,"30","BWA","Botswana","8","South-East","20","Gaborone",NA,NA,"Town Council","Town Council","BWA_adm2"
"20",2015,0.213666822510823,"30","BWA","Botswana","8","South-East","20","Gaborone",NA,NA,"Town Council","Town Council","BWA_adm2"
"20",2016,0.219187304439925,"30","BWA","Botswana","8","South-East","20","Gaborone",NA,NA,"Town Council","Town Council","BWA_adm2"
"20",2017,0.221270345370205,"30","BWA","Botswana","8","South-East","20","Gaborone",NA,NA,"Town Council","Town Council","BWA_adm2"
"21",2000,0.230710151244951,"30","BWA","Botswana","8","South-East","21","South East",NA,NA,"Sub-district","Sub-district","BWA_adm2"
"21",2001,0.220838654759823,"30","BWA","Botswana","8","South-East","21","South East",NA,NA,"Sub-district","Sub-district","BWA_adm2"
"21",2002,0.221791026374982,"30","BWA","Botswana","8","South-East","21","South East",NA,NA,"Sub-district","Sub-district","BWA_adm2"
"21",2003,0.221294766161588,"30","BWA","Botswana","8","South-East","21","South East",NA,NA,"Sub-district","Sub-district","BWA_adm2"
"21",2004,0.21304377590041,"30","BWA","Botswana","8","South-East","21","South East",NA,NA,"Sub-district","Sub-district","BWA_adm2"
"21",2005,0.214678293858329,"30","BWA","Botswana","8","South-East","21","South East",NA,NA,"Sub-district","Sub-district","BWA_adm2"
"21",2006,0.205840959792169,"30","BWA","Botswana","8","South-East","21","South East",NA,NA,"Sub-district","Sub-district","BWA_adm2"
"21",2007,0.199418905113978,"30","BWA","Botswana","8","South-East","21","South East",NA,NA,"Sub-district","Sub-district","BWA_adm2"
"21",2008,0.198964932323289,"30","BWA","Botswana","8","South-East","21","South East",NA,NA,"Sub-district","Sub-district","BWA_adm2"
"21",2009,0.19795509857983,"30","BWA","Botswana","8","South-East","21","South East",NA,NA,"Sub-district","Sub-district","BWA_adm2"
"21",2010,0.191972398088028,"30","BWA","Botswana","8","South-East","21","South East",NA,NA,"Sub-district","Sub-district","BWA_adm2"
"21",2011,0.186197722591569,"30","BWA","Botswana","8","South-East","21","South East",NA,NA,"Sub-district","Sub-district","BWA_adm2"
"21",2012,0.192812561494708,"30","BWA","Botswana","8","South-East","21","South East",NA,NA,"Sub-district","Sub-district","BWA_adm2"
"21",2013,0.197443886491132,"30","BWA","Botswana","8","South-East","21","South East",NA,NA,"Sub-district","Sub-district","BWA_adm2"
"21",2014,0.200607076582516,"30","BWA","Botswana","8","South-East","21","South East",NA,NA,"Sub-district","Sub-district","BWA_adm2"
"21",2015,0.204172740002893,"30","BWA","Botswana","8","South-East","21","South East",NA,NA,"Sub-district","Sub-district","BWA_adm2"
"21",2016,0.211795975739389,"30","BWA","Botswana","8","South-East","21","South East",NA,NA,"Sub-district","Sub-district","BWA_adm2"
"21",2017,0.214004049169007,"30","BWA","Botswana","8","South-East","21","South East",NA,NA,"Sub-district","Sub-district","BWA_adm2"
"22",2000,0.230211621510348,"30","BWA","Botswana","9","Southern","22","Barolong",NA,NA,"Sub-district","Sub-district","BWA_adm2"
"22",2001,0.223287319044195,"30","BWA","Botswana","9","Southern","22","Barolong",NA,NA,"Sub-district","Sub-district","BWA_adm2"
"22",2002,0.22127648594893,"30","BWA","Botswana","9","Southern","22","Barolong",NA,NA,"Sub-district","Sub-district","BWA_adm2"
"22",2003,0.225074540773316,"30","BWA","Botswana","9","Southern","22","Barolong",NA,NA,"Sub-district","Sub-district","BWA_adm2"
"22",2004,0.216744170700748,"30","BWA","Botswana","9","Southern","22","Barolong",NA,NA,"Sub-district","Sub-district","BWA_adm2"
"22",2005,0.216645167378865,"30","BWA","Botswana","9","Southern","22","Barolong",NA,NA,"Sub-district","Sub-district","BWA_adm2"
"22",2006,0.208333511578602,"30","BWA","Botswana","9","Southern","22","Barolong",NA,NA,"Sub-district","Sub-district","BWA_adm2"
"22",2007,0.206774517699592,"30","BWA","Botswana","9","Southern","22","Barolong",NA,NA,"Sub-district","Sub-district","BWA_adm2"
"22",2008,0.209857373711827,"30","BWA","Botswana","9","Southern","22","Barolong",NA,NA,"Sub-district","Sub-district","BWA_adm2"
"22",2009,0.210159885072177,"30","BWA","Botswana","9","Southern","22","Barolong",NA,NA,"Sub-district","Sub-district","BWA_adm2"
"22",2010,0.206303193118736,"30","BWA","Botswana","9","Southern","22","Barolong",NA,NA,"Sub-district","Sub-district","BWA_adm2"
"22",2011,0.202085673538935,"30","BWA","Botswana","9","Southern","22","Barolong",NA,NA,"Sub-district","Sub-district","BWA_adm2"
"22",2012,0.204292717000153,"30","BWA","Botswana","9","Southern","22","Barolong",NA,NA,"Sub-district","Sub-district","BWA_adm2"
"22",2013,0.207009197153264,"30","BWA","Botswana","9","Southern","22","Barolong",NA,NA,"Sub-district","Sub-district","BWA_adm2"
"22",2014,0.204955258036149,"30","BWA","Botswana","9","Southern","22","Barolong",NA,NA,"Sub-district","Sub-district","BWA_adm2"
"22",2015,0.20979268528907,"30","BWA","Botswana","9","Southern","22","Barolong",NA,NA,"Sub-district","Sub-district","BWA_adm2"
"22",2016,0.21540255034919,"30","BWA","Botswana","9","Southern","22","Barolong",NA,NA,"Sub-district","Sub-district","BWA_adm2"
"22",2017,0.219357560874946,"30","BWA","Botswana","9","Southern","22","Barolong",NA,NA,"Sub-district","Sub-district","BWA_adm2"
"23",2000,0.252357830926965,"30","BWA","Botswana","9","Southern","23","Ngwaketse Central",NA,NA,"Unknown","Unknown","BWA_adm2"
"23",2001,0.234749663454098,"30","BWA","Botswana","9","Southern","23","Ngwaketse Central",NA,NA,"Unknown","Unknown","BWA_adm2"
"23",2002,0.228885516902384,"30","BWA","Botswana","9","Southern","23","Ngwaketse Central",NA,NA,"Unknown","Unknown","BWA_adm2"
"23",2003,0.220726004064859,"30","BWA","Botswana","9","Southern","23","Ngwaketse Central",NA,NA,"Unknown","Unknown","BWA_adm2"
"23",2004,0.212969796106733,"30","BWA","Botswana","9","Southern","23","Ngwaketse Central",NA,NA,"Unknown","Unknown","BWA_adm2"
"23",2005,0.208381393160654,"30","BWA","Botswana","9","Southern","23","Ngwaketse Central",NA,NA,"Unknown","Unknown","BWA_adm2"
"23",2006,0.19824346615174,"30","BWA","Botswana","9","Southern","23","Ngwaketse Central",NA,NA,"Unknown","Unknown","BWA_adm2"
"23",2007,0.192122267792304,"30","BWA","Botswana","9","Southern","23","Ngwaketse Central",NA,NA,"Unknown","Unknown","BWA_adm2"
"23",2008,0.194053952437253,"30","BWA","Botswana","9","Southern","23","Ngwaketse Central",NA,NA,"Unknown","Unknown","BWA_adm2"
"23",2009,0.195058701169498,"30","BWA","Botswana","9","Southern","23","Ngwaketse Central",NA,NA,"Unknown","Unknown","BWA_adm2"
"23",2010,0.190223035778308,"30","BWA","Botswana","9","Southern","23","Ngwaketse Central",NA,NA,"Unknown","Unknown","BWA_adm2"
"23",2011,0.185742556382956,"30","BWA","Botswana","9","Southern","23","Ngwaketse Central",NA,NA,"Unknown","Unknown","BWA_adm2"
"23",2012,0.187473966887269,"30","BWA","Botswana","9","Southern","23","Ngwaketse Central",NA,NA,"Unknown","Unknown","BWA_adm2"
"23",2013,0.189104702905055,"30","BWA","Botswana","9","Southern","23","Ngwaketse Central",NA,NA,"Unknown","Unknown","BWA_adm2"
"23",2014,0.188608467792996,"30","BWA","Botswana","9","Southern","23","Ngwaketse Central",NA,NA,"Unknown","Unknown","BWA_adm2"
"23",2015,0.191299417145639,"30","BWA","Botswana","9","Southern","23","Ngwaketse Central",NA,NA,"Unknown","Unknown","BWA_adm2"
"23",2016,0.194311506349791,"30","BWA","Botswana","9","Southern","23","Ngwaketse Central",NA,NA,"Unknown","Unknown","BWA_adm2"
"23",2017,0.197624827785804,"30","BWA","Botswana","9","Southern","23","Ngwaketse Central",NA,NA,"Unknown","Unknown","BWA_adm2"
"24",2000,0.253148434278652,"30","BWA","Botswana","9","Southern","24","Ngwaketse North",NA,NA,"Unknown","Unknown","BWA_adm2"
"24",2001,0.236057771836613,"30","BWA","Botswana","9","Southern","24","Ngwaketse North",NA,NA,"Unknown","Unknown","BWA_adm2"
"24",2002,0.232607560452992,"30","BWA","Botswana","9","Southern","24","Ngwaketse North",NA,NA,"Unknown","Unknown","BWA_adm2"
"24",2003,0.221612759407891,"30","BWA","Botswana","9","Southern","24","Ngwaketse North",NA,NA,"Unknown","Unknown","BWA_adm2"
"24",2004,0.215124315746152,"30","BWA","Botswana","9","Southern","24","Ngwaketse North",NA,NA,"Unknown","Unknown","BWA_adm2"
"24",2005,0.210952138714945,"30","BWA","Botswana","9","Southern","24","Ngwaketse North",NA,NA,"Unknown","Unknown","BWA_adm2"
"24",2006,0.20256272244806,"30","BWA","Botswana","9","Southern","24","Ngwaketse North",NA,NA,"Unknown","Unknown","BWA_adm2"
"24",2007,0.197442100266006,"30","BWA","Botswana","9","Southern","24","Ngwaketse North",NA,NA,"Unknown","Unknown","BWA_adm2"
"24",2008,0.198203746402788,"30","BWA","Botswana","9","Southern","24","Ngwaketse North",NA,NA,"Unknown","Unknown","BWA_adm2"
"24",2009,0.199148011944859,"30","BWA","Botswana","9","Southern","24","Ngwaketse North",NA,NA,"Unknown","Unknown","BWA_adm2"
"24",2010,0.197224027563183,"30","BWA","Botswana","9","Southern","24","Ngwaketse North",NA,NA,"Unknown","Unknown","BWA_adm2"
"24",2011,0.196646434127876,"30","BWA","Botswana","9","Southern","24","Ngwaketse North",NA,NA,"Unknown","Unknown","BWA_adm2"
"24",2012,0.197259978336639,"30","BWA","Botswana","9","Southern","24","Ngwaketse North",NA,NA,"Unknown","Unknown","BWA_adm2"
"24",2013,0.198242100710034,"30","BWA","Botswana","9","Southern","24","Ngwaketse North",NA,NA,"Unknown","Unknown","BWA_adm2"
"24",2014,0.19838742004089,"30","BWA","Botswana","9","Southern","24","Ngwaketse North",NA,NA,"Unknown","Unknown","BWA_adm2"
"24",2015,0.199140711117439,"30","BWA","Botswana","9","Southern","24","Ngwaketse North",NA,NA,"Unknown","Unknown","BWA_adm2"
"24",2016,0.20190443149865,"30","BWA","Botswana","9","Southern","24","Ngwaketse North",NA,NA,"Unknown","Unknown","BWA_adm2"
"24",2017,0.204418001918456,"30","BWA","Botswana","9","Southern","24","Ngwaketse North",NA,NA,"Unknown","Unknown","BWA_adm2"
"25",2000,0.243880132427924,"30","BWA","Botswana","9","Southern","25","Ngwaketse South",NA,NA,"Unknown","Unknown","BWA_adm2"
"25",2001,0.229845449390819,"30","BWA","Botswana","9","Southern","25","Ngwaketse South",NA,NA,"Unknown","Unknown","BWA_adm2"
"25",2002,0.225744598213132,"30","BWA","Botswana","9","Southern","25","Ngwaketse South",NA,NA,"Unknown","Unknown","BWA_adm2"
"25",2003,0.223805836337299,"30","BWA","Botswana","9","Southern","25","Ngwaketse South",NA,NA,"Unknown","Unknown","BWA_adm2"
"25",2004,0.21686420864036,"30","BWA","Botswana","9","Southern","25","Ngwaketse South",NA,NA,"Unknown","Unknown","BWA_adm2"
"25",2005,0.212909769815841,"30","BWA","Botswana","9","Southern","25","Ngwaketse South",NA,NA,"Unknown","Unknown","BWA_adm2"
"25",2006,0.203210412083774,"30","BWA","Botswana","9","Southern","25","Ngwaketse South",NA,NA,"Unknown","Unknown","BWA_adm2"
"25",2007,0.200070331714888,"30","BWA","Botswana","9","Southern","25","Ngwaketse South",NA,NA,"Unknown","Unknown","BWA_adm2"
"25",2008,0.203658027632471,"30","BWA","Botswana","9","Southern","25","Ngwaketse South",NA,NA,"Unknown","Unknown","BWA_adm2"
"25",2009,0.205538227550202,"30","BWA","Botswana","9","Southern","25","Ngwaketse South",NA,NA,"Unknown","Unknown","BWA_adm2"
"25",2010,0.202917903718576,"30","BWA","Botswana","9","Southern","25","Ngwaketse South",NA,NA,"Unknown","Unknown","BWA_adm2"
"25",2011,0.200103119794956,"30","BWA","Botswana","9","Southern","25","Ngwaketse South",NA,NA,"Unknown","Unknown","BWA_adm2"
"25",2012,0.198686450981077,"30","BWA","Botswana","9","Southern","25","Ngwaketse South",NA,NA,"Unknown","Unknown","BWA_adm2"
"25",2013,0.199337266112157,"30","BWA","Botswana","9","Southern","25","Ngwaketse South",NA,NA,"Unknown","Unknown","BWA_adm2"
"25",2014,0.197686036614484,"30","BWA","Botswana","9","Southern","25","Ngwaketse South",NA,NA,"Unknown","Unknown","BWA_adm2"
"25",2015,0.201491669063922,"30","BWA","Botswana","9","Southern","25","Ngwaketse South",NA,NA,"Unknown","Unknown","BWA_adm2"
"25",2016,0.204946716644159,"30","BWA","Botswana","9","Southern","25","Ngwaketse South",NA,NA,"Unknown","Unknown","BWA_adm2"
"25",2017,0.209296822664416,"30","BWA","Botswana","9","Southern","25","Ngwaketse South",NA,NA,"Unknown","Unknown","BWA_adm2"
"26",2000,0.290672016235454,"30","BWA","Botswana","1","Central","26","Serowe Palapye",NA,NA,"Sub-district","Sub-district","BWA_adm2"
"26",2001,0.298217183990859,"30","BWA","Botswana","1","Central","26","Serowe Palapye",NA,NA,"Sub-district","Sub-district","BWA_adm2"
"26",2002,0.293017921420055,"30","BWA","Botswana","1","Central","26","Serowe Palapye",NA,NA,"Sub-district","Sub-district","BWA_adm2"
"26",2003,0.293476405744336,"30","BWA","Botswana","1","Central","26","Serowe Palapye",NA,NA,"Sub-district","Sub-district","BWA_adm2"
"26",2004,0.287838595367671,"30","BWA","Botswana","1","Central","26","Serowe Palapye",NA,NA,"Sub-district","Sub-district","BWA_adm2"
"26",2005,0.284135515395102,"30","BWA","Botswana","1","Central","26","Serowe Palapye",NA,NA,"Sub-district","Sub-district","BWA_adm2"
"26",2006,0.280582722993954,"30","BWA","Botswana","1","Central","26","Serowe Palapye",NA,NA,"Sub-district","Sub-district","BWA_adm2"
"26",2007,0.27927616870117,"30","BWA","Botswana","1","Central","26","Serowe Palapye",NA,NA,"Sub-district","Sub-district","BWA_adm2"
"26",2008,0.282370460143348,"30","BWA","Botswana","1","Central","26","Serowe Palapye",NA,NA,"Sub-district","Sub-district","BWA_adm2"
"26",2009,0.278260674935921,"30","BWA","Botswana","1","Central","26","Serowe Palapye",NA,NA,"Sub-district","Sub-district","BWA_adm2"
"26",2010,0.276411589846418,"30","BWA","Botswana","1","Central","26","Serowe Palapye",NA,NA,"Sub-district","Sub-district","BWA_adm2"
"26",2011,0.27270766315493,"30","BWA","Botswana","1","Central","26","Serowe Palapye",NA,NA,"Sub-district","Sub-district","BWA_adm2"
"26",2012,0.265976675811323,"30","BWA","Botswana","1","Central","26","Serowe Palapye",NA,NA,"Sub-district","Sub-district","BWA_adm2"
"26",2013,0.260926095195412,"30","BWA","Botswana","1","Central","26","Serowe Palapye",NA,NA,"Sub-district","Sub-district","BWA_adm2"
"26",2014,0.259757235265725,"30","BWA","Botswana","1","Central","26","Serowe Palapye",NA,NA,"Sub-district","Sub-district","BWA_adm2"
"26",2015,0.258496212179643,"30","BWA","Botswana","1","Central","26","Serowe Palapye",NA,NA,"Sub-district","Sub-district","BWA_adm2"
"26",2016,0.256313274856156,"30","BWA","Botswana","1","Central","26","Serowe Palapye",NA,NA,"Sub-district","Sub-district","BWA_adm2"
"26",2017,0.255048604582692,"30","BWA","Botswana","1","Central","26","Serowe Palapye",NA,NA,"Sub-district","Sub-district","BWA_adm2"
"27",2000,0.251138826005369,"0",NA,"Botswana","27","Southern","27","Ngwaketse",NA,NA,NA,NA,"BWA_adm2"
"27",2001,0.234626092020047,"0",NA,"Botswana","27","Southern","27","Ngwaketse",NA,NA,NA,NA,"BWA_adm2"
"27",2002,0.230778278332771,"0",NA,"Botswana","27","Southern","27","Ngwaketse",NA,NA,NA,NA,"BWA_adm2"
"27",2003,0.221971589599511,"0",NA,"Botswana","27","Southern","27","Ngwaketse",NA,NA,NA,NA,"BWA_adm2"
"27",2004,0.215251247683112,"0",NA,"Botswana","27","Southern","27","Ngwaketse",NA,NA,NA,NA,"BWA_adm2"
"27",2005,0.211079042190607,"0",NA,"Botswana","27","Southern","27","Ngwaketse",NA,NA,NA,NA,"BWA_adm2"
"27",2006,0.202227435964825,"0",NA,"Botswana","27","Southern","27","Ngwaketse",NA,NA,NA,NA,"BWA_adm2"
"27",2007,0.197408663898957,"0",NA,"Botswana","27","Southern","27","Ngwaketse",NA,NA,NA,NA,"BWA_adm2"
"27",2008,0.198883133342519,"0",NA,"Botswana","27","Southern","27","Ngwaketse",NA,NA,NA,NA,"BWA_adm2"
"27",2009,0.200027339117983,"0",NA,"Botswana","27","Southern","27","Ngwaketse",NA,NA,NA,NA,"BWA_adm2"
"27",2010,0.197641676811437,"0",NA,"Botswana","27","Southern","27","Ngwaketse",NA,NA,NA,NA,"BWA_adm2"
"27",2011,0.196175346069478,"0",NA,"Botswana","27","Southern","27","Ngwaketse",NA,NA,NA,NA,"BWA_adm2"
"27",2012,0.196489920801394,"0",NA,"Botswana","27","Southern","27","Ngwaketse",NA,NA,NA,NA,"BWA_adm2"
"27",2013,0.197473764619015,"0",NA,"Botswana","27","Southern","27","Ngwaketse",NA,NA,NA,NA,"BWA_adm2"
"27",2014,0.197177852462339,"0",NA,"Botswana","27","Southern","27","Ngwaketse",NA,NA,NA,NA,"BWA_adm2"
"27",2015,0.198771989932939,"0",NA,"Botswana","27","Southern","27","Ngwaketse",NA,NA,NA,NA,"BWA_adm2"
"27",2016,0.20170485584489,"0",NA,"Botswana","27","Southern","27","Ngwaketse",NA,NA,NA,NA,"BWA_adm2"
"27",2017,0.204683478032802,"0",NA,"Botswana","27","Southern","27","Ngwaketse",NA,NA,NA,NA,"BWA_adm2"
"3",2000,0.244802154194146,"30","BWA","Botswana","1","Central","3","Machaneng",NA,NA,"Unknown","Unknown","BWA_adm2"
"3",2001,0.250644939351625,"30","BWA","Botswana","1","Central","3","Machaneng",NA,NA,"Unknown","Unknown","BWA_adm2"
"3",2002,0.261292518603304,"30","BWA","Botswana","1","Central","3","Machaneng",NA,NA,"Unknown","Unknown","BWA_adm2"
"3",2003,0.267178053612073,"30","BWA","Botswana","1","Central","3","Machaneng",NA,NA,"Unknown","Unknown","BWA_adm2"
"3",2004,0.268330892485957,"30","BWA","Botswana","1","Central","3","Machaneng",NA,NA,"Unknown","Unknown","BWA_adm2"
"3",2005,0.268116001185909,"30","BWA","Botswana","1","Central","3","Machaneng",NA,NA,"Unknown","Unknown","BWA_adm2"
"3",2006,0.262121794997422,"30","BWA","Botswana","1","Central","3","Machaneng",NA,NA,"Unknown","Unknown","BWA_adm2"
"3",2007,0.259868951346197,"30","BWA","Botswana","1","Central","3","Machaneng",NA,NA,"Unknown","Unknown","BWA_adm2"
"3",2008,0.262856717289334,"30","BWA","Botswana","1","Central","3","Machaneng",NA,NA,"Unknown","Unknown","BWA_adm2"
"3",2009,0.265598097551832,"30","BWA","Botswana","1","Central","3","Machaneng",NA,NA,"Unknown","Unknown","BWA_adm2"
"3",2010,0.265960225033175,"30","BWA","Botswana","1","Central","3","Machaneng",NA,NA,"Unknown","Unknown","BWA_adm2"
"3",2011,0.271005887297887,"30","BWA","Botswana","1","Central","3","Machaneng",NA,NA,"Unknown","Unknown","BWA_adm2"
"3",2012,0.269799545091728,"30","BWA","Botswana","1","Central","3","Machaneng",NA,NA,"Unknown","Unknown","BWA_adm2"
"3",2013,0.269712726455131,"30","BWA","Botswana","1","Central","3","Machaneng",NA,NA,"Unknown","Unknown","BWA_adm2"
"3",2014,0.264113405879587,"30","BWA","Botswana","1","Central","3","Machaneng",NA,NA,"Unknown","Unknown","BWA_adm2"
"3",2015,0.263586374873097,"30","BWA","Botswana","1","Central","3","Machaneng",NA,NA,"Unknown","Unknown","BWA_adm2"
"3",2016,0.263382120358656,"30","BWA","Botswana","1","Central","3","Machaneng",NA,NA,"Unknown","Unknown","BWA_adm2"
"3",2017,0.262625546073042,"30","BWA","Botswana","1","Central","3","Machaneng",NA,NA,"Unknown","Unknown","BWA_adm2"
"4",2000,0.251809297188043,"30","BWA","Botswana","1","Central","4","Mahalapye",NA,NA,"Sub-district","Sub-district","BWA_adm2"
"4",2001,0.256302795568842,"30","BWA","Botswana","1","Central","4","Mahalapye",NA,NA,"Sub-district","Sub-district","BWA_adm2"
"4",2002,0.266088166831378,"30","BWA","Botswana","1","Central","4","Mahalapye",NA,NA,"Sub-district","Sub-district","BWA_adm2"
"4",2003,0.270602349020379,"30","BWA","Botswana","1","Central","4","Mahalapye",NA,NA,"Sub-district","Sub-district","BWA_adm2"
"4",2004,0.27061287748407,"30","BWA","Botswana","1","Central","4","Mahalapye",NA,NA,"Sub-district","Sub-district","BWA_adm2"
"4",2005,0.269284685343398,"30","BWA","Botswana","1","Central","4","Mahalapye",NA,NA,"Sub-district","Sub-district","BWA_adm2"
"4",2006,0.262605109931669,"30","BWA","Botswana","1","Central","4","Mahalapye",NA,NA,"Sub-district","Sub-district","BWA_adm2"
"4",2007,0.259583874984451,"30","BWA","Botswana","1","Central","4","Mahalapye",NA,NA,"Sub-district","Sub-district","BWA_adm2"
"4",2008,0.262669615755159,"30","BWA","Botswana","1","Central","4","Mahalapye",NA,NA,"Sub-district","Sub-district","BWA_adm2"
"4",2009,0.264603069505774,"30","BWA","Botswana","1","Central","4","Mahalapye",NA,NA,"Sub-district","Sub-district","BWA_adm2"
"4",2010,0.264408714979776,"30","BWA","Botswana","1","Central","4","Mahalapye",NA,NA,"Sub-district","Sub-district","BWA_adm2"
"4",2011,0.268620885134885,"30","BWA","Botswana","1","Central","4","Mahalapye",NA,NA,"Sub-district","Sub-district","BWA_adm2"
"4",2012,0.269252984790449,"30","BWA","Botswana","1","Central","4","Mahalapye",NA,NA,"Sub-district","Sub-district","BWA_adm2"
"4",2013,0.270904675301708,"30","BWA","Botswana","1","Central","4","Mahalapye",NA,NA,"Sub-district","Sub-district","BWA_adm2"
"4",2014,0.266586208082991,"30","BWA","Botswana","1","Central","4","Mahalapye",NA,NA,"Sub-district","Sub-district","BWA_adm2"
"4",2015,0.264176304860661,"30","BWA","Botswana","1","Central","4","Mahalapye",NA,NA,"Sub-district","Sub-district","BWA_adm2"
"4",2016,0.263630045228137,"30","BWA","Botswana","1","Central","4","Mahalapye",NA,NA,"Sub-district","Sub-district","BWA_adm2"
"4",2017,0.262791702328014,"30","BWA","Botswana","1","Central","4","Mahalapye",NA,NA,"Sub-district","Sub-district","BWA_adm2"
"5",2000,0.278574658245049,"30","BWA","Botswana","1","Central","5","Palapye",NA,NA,"Sub-district","Sub-district","BWA_adm2"
"5",2001,0.285059159585709,"30","BWA","Botswana","1","Central","5","Palapye",NA,NA,"Sub-district","Sub-district","BWA_adm2"
"5",2002,0.284655074690743,"30","BWA","Botswana","1","Central","5","Palapye",NA,NA,"Sub-district","Sub-district","BWA_adm2"
"5",2003,0.289816832113536,"30","BWA","Botswana","1","Central","5","Palapye",NA,NA,"Sub-district","Sub-district","BWA_adm2"
"5",2004,0.285284657712202,"30","BWA","Botswana","1","Central","5","Palapye",NA,NA,"Sub-district","Sub-district","BWA_adm2"
"5",2005,0.281495777921686,"30","BWA","Botswana","1","Central","5","Palapye",NA,NA,"Sub-district","Sub-district","BWA_adm2"
"5",2006,0.27752161522547,"30","BWA","Botswana","1","Central","5","Palapye",NA,NA,"Sub-district","Sub-district","BWA_adm2"
"5",2007,0.275471468274241,"30","BWA","Botswana","1","Central","5","Palapye",NA,NA,"Sub-district","Sub-district","BWA_adm2"
"5",2008,0.279459459143192,"30","BWA","Botswana","1","Central","5","Palapye",NA,NA,"Sub-district","Sub-district","BWA_adm2"
"5",2009,0.27622888363991,"30","BWA","Botswana","1","Central","5","Palapye",NA,NA,"Sub-district","Sub-district","BWA_adm2"
"5",2010,0.275964493195203,"30","BWA","Botswana","1","Central","5","Palapye",NA,NA,"Sub-district","Sub-district","BWA_adm2"
"5",2011,0.274298723065751,"30","BWA","Botswana","1","Central","5","Palapye",NA,NA,"Sub-district","Sub-district","BWA_adm2"
"5",2012,0.268259020857173,"30","BWA","Botswana","1","Central","5","Palapye",NA,NA,"Sub-district","Sub-district","BWA_adm2"
"5",2013,0.262868365717045,"30","BWA","Botswana","1","Central","5","Palapye",NA,NA,"Sub-district","Sub-district","BWA_adm2"
"5",2014,0.26006083669933,"30","BWA","Botswana","1","Central","5","Palapye",NA,NA,"Sub-district","Sub-district","BWA_adm2"
"5",2015,0.259082786832973,"30","BWA","Botswana","1","Central","5","Palapye",NA,NA,"Sub-district","Sub-district","BWA_adm2"
"5",2016,0.257921194876757,"30","BWA","Botswana","1","Central","5","Palapye",NA,NA,"Sub-district","Sub-district","BWA_adm2"
"5",2017,0.257407673019295,"30","BWA","Botswana","1","Central","5","Palapye",NA,NA,"Sub-district","Sub-district","BWA_adm2"
"6",2000,0.296958908062013,"30","BWA","Botswana","1","Central","6","Serowe",NA,NA,"Sub-district","Sub-district","BWA_adm2"
"6",2001,0.305055294837381,"30","BWA","Botswana","1","Central","6","Serowe",NA,NA,"Sub-district","Sub-district","BWA_adm2"
"6",2002,0.297364020025463,"30","BWA","Botswana","1","Central","6","Serowe",NA,NA,"Sub-district","Sub-district","BWA_adm2"
"6",2003,0.295378254299833,"30","BWA","Botswana","1","Central","6","Serowe",NA,NA,"Sub-district","Sub-district","BWA_adm2"
"6",2004,0.289165854501061,"30","BWA","Botswana","1","Central","6","Serowe",NA,NA,"Sub-district","Sub-district","BWA_adm2"
"6",2005,0.285507363965758,"30","BWA","Botswana","1","Central","6","Serowe",NA,NA,"Sub-district","Sub-district","BWA_adm2"
"6",2006,0.282173554011307,"30","BWA","Botswana","1","Central","6","Serowe",NA,NA,"Sub-district","Sub-district","BWA_adm2"
"6",2007,0.281253438398814,"30","BWA","Botswana","1","Central","6","Serowe",NA,NA,"Sub-district","Sub-district","BWA_adm2"
"6",2008,0.283883282036046,"30","BWA","Botswana","1","Central","6","Serowe",NA,NA,"Sub-district","Sub-district","BWA_adm2"
"6",2009,0.279316579170407,"30","BWA","Botswana","1","Central","6","Serowe",NA,NA,"Sub-district","Sub-district","BWA_adm2"
"6",2010,0.276643942089007,"30","BWA","Botswana","1","Central","6","Serowe",NA,NA,"Sub-district","Sub-district","BWA_adm2"
"6",2011,0.271880803156635,"30","BWA","Botswana","1","Central","6","Serowe",NA,NA,"Sub-district","Sub-district","BWA_adm2"
"6",2012,0.264790560919316,"30","BWA","Botswana","1","Central","6","Serowe",NA,NA,"Sub-district","Sub-district","BWA_adm2"
"6",2013,0.259916714065057,"30","BWA","Botswana","1","Central","6","Serowe",NA,NA,"Sub-district","Sub-district","BWA_adm2"
"6",2014,0.259599456247651,"30","BWA","Botswana","1","Central","6","Serowe",NA,NA,"Sub-district","Sub-district","BWA_adm2"
"6",2015,0.258191374417798,"30","BWA","Botswana","1","Central","6","Serowe",NA,NA,"Sub-district","Sub-district","BWA_adm2"
"6",2016,0.255477652782957,"30","BWA","Botswana","1","Central","6","Serowe",NA,NA,"Sub-district","Sub-district","BWA_adm2"
"6",2017,0.253822617255229,"30","BWA","Botswana","1","Central","6","Serowe",NA,NA,"Sub-district","Sub-district","BWA_adm2"
"7",2000,0.224245680568165,"30","BWA","Botswana","1","Central","7","Tuli",NA,NA,"Unknown","Unknown","BWA_adm2"
"7",2001,0.226885934221171,"30","BWA","Botswana","1","Central","7","Tuli",NA,NA,"Unknown","Unknown","BWA_adm2"
"7",2002,0.232509825672902,"30","BWA","Botswana","1","Central","7","Tuli",NA,NA,"Unknown","Unknown","BWA_adm2"
"7",2003,0.238767056309388,"30","BWA","Botswana","1","Central","7","Tuli",NA,NA,"Unknown","Unknown","BWA_adm2"
"7",2004,0.241789384711489,"30","BWA","Botswana","1","Central","7","Tuli",NA,NA,"Unknown","Unknown","BWA_adm2"
"7",2005,0.243915320968968,"30","BWA","Botswana","1","Central","7","Tuli",NA,NA,"Unknown","Unknown","BWA_adm2"
"7",2006,0.243837884591512,"30","BWA","Botswana","1","Central","7","Tuli",NA,NA,"Unknown","Unknown","BWA_adm2"
"7",2007,0.239360541803023,"30","BWA","Botswana","1","Central","7","Tuli",NA,NA,"Unknown","Unknown","BWA_adm2"
"7",2008,0.23867588193421,"30","BWA","Botswana","1","Central","7","Tuli",NA,NA,"Unknown","Unknown","BWA_adm2"
"7",2009,0.242462118704745,"30","BWA","Botswana","1","Central","7","Tuli",NA,NA,"Unknown","Unknown","BWA_adm2"
"7",2010,0.244995466458356,"30","BWA","Botswana","1","Central","7","Tuli",NA,NA,"Unknown","Unknown","BWA_adm2"
"7",2011,0.248510107028228,"30","BWA","Botswana","1","Central","7","Tuli",NA,NA,"Unknown","Unknown","BWA_adm2"
"7",2012,0.244904729649081,"30","BWA","Botswana","1","Central","7","Tuli",NA,NA,"Unknown","Unknown","BWA_adm2"
"7",2013,0.240498105713193,"30","BWA","Botswana","1","Central","7","Tuli",NA,NA,"Unknown","Unknown","BWA_adm2"
"7",2014,0.239403602498749,"30","BWA","Botswana","1","Central","7","Tuli",NA,NA,"Unknown","Unknown","BWA_adm2"
"7",2015,0.24226086739606,"30","BWA","Botswana","1","Central","7","Tuli",NA,NA,"Unknown","Unknown","BWA_adm2"
"7",2016,0.240159082941511,"30","BWA","Botswana","1","Central","7","Tuli",NA,NA,"Unknown","Unknown","BWA_adm2"
"7",2017,0.243519354420148,"30","BWA","Botswana","1","Central","7","Tuli",NA,NA,"Unknown","Unknown","BWA_adm2"
"8",2000,0.326088015411637,"30","BWA","Botswana","1","Central","8","Tutume",NA,NA,"Sub-district","Sub-district","BWA_adm2"
"8",2001,0.345624465236768,"30","BWA","Botswana","1","Central","8","Tutume",NA,NA,"Sub-district","Sub-district","BWA_adm2"
"8",2002,0.322876160667547,"30","BWA","Botswana","1","Central","8","Tutume",NA,NA,"Sub-district","Sub-district","BWA_adm2"
"8",2003,0.308604849059145,"30","BWA","Botswana","1","Central","8","Tutume",NA,NA,"Sub-district","Sub-district","BWA_adm2"
"8",2004,0.31037651071384,"30","BWA","Botswana","1","Central","8","Tutume",NA,NA,"Sub-district","Sub-district","BWA_adm2"
"8",2005,0.30619602756519,"30","BWA","Botswana","1","Central","8","Tutume",NA,NA,"Sub-district","Sub-district","BWA_adm2"
"8",2006,0.308616854010457,"30","BWA","Botswana","1","Central","8","Tutume",NA,NA,"Sub-district","Sub-district","BWA_adm2"
"8",2007,0.307886282762856,"30","BWA","Botswana","1","Central","8","Tutume",NA,NA,"Sub-district","Sub-district","BWA_adm2"
"8",2008,0.302247223804619,"30","BWA","Botswana","1","Central","8","Tutume",NA,NA,"Sub-district","Sub-district","BWA_adm2"
"8",2009,0.293836406037486,"30","BWA","Botswana","1","Central","8","Tutume",NA,NA,"Sub-district","Sub-district","BWA_adm2"
"8",2010,0.290564362614615,"30","BWA","Botswana","1","Central","8","Tutume",NA,NA,"Sub-district","Sub-district","BWA_adm2"
"8",2011,0.286353935321619,"30","BWA","Botswana","1","Central","8","Tutume",NA,NA,"Sub-district","Sub-district","BWA_adm2"
"8",2012,0.272761895518729,"30","BWA","Botswana","1","Central","8","Tutume",NA,NA,"Sub-district","Sub-district","BWA_adm2"
"8",2013,0.266895466687386,"30","BWA","Botswana","1","Central","8","Tutume",NA,NA,"Sub-district","Sub-district","BWA_adm2"
"8",2014,0.265166482775289,"30","BWA","Botswana","1","Central","8","Tutume",NA,NA,"Sub-district","Sub-district","BWA_adm2"
"8",2015,0.263364861451344,"30","BWA","Botswana","1","Central","8","Tutume",NA,NA,"Sub-district","Sub-district","BWA_adm2"
"8",2016,0.25708623178719,"30","BWA","Botswana","1","Central","8","Tutume",NA,NA,"Sub-district","Sub-district","BWA_adm2"
"8",2017,0.255045089717714,"30","BWA","Botswana","1","Central","8","Tutume",NA,NA,"Sub-district","Sub-district","BWA_adm2"
"9",2000,0.199338012713168,"30","BWA","Botswana","2","Ghanzi","9","Ghanzi",NA,NA,"Sub-district","Sub-district","BWA_adm2"
"9",2001,0.198273643144366,"30","BWA","Botswana","2","Ghanzi","9","Ghanzi",NA,NA,"Sub-district","Sub-district","BWA_adm2"
"9",2002,0.199931630266436,"30","BWA","Botswana","2","Ghanzi","9","Ghanzi",NA,NA,"Sub-district","Sub-district","BWA_adm2"
"9",2003,0.186158500088019,"30","BWA","Botswana","2","Ghanzi","9","Ghanzi",NA,NA,"Sub-district","Sub-district","BWA_adm2"
"9",2004,0.187010533064904,"30","BWA","Botswana","2","Ghanzi","9","Ghanzi",NA,NA,"Sub-district","Sub-district","BWA_adm2"
"9",2005,0.185053717337232,"30","BWA","Botswana","2","Ghanzi","9","Ghanzi",NA,NA,"Sub-district","Sub-district","BWA_adm2"
"9",2006,0.191691537197827,"30","BWA","Botswana","2","Ghanzi","9","Ghanzi",NA,NA,"Sub-district","Sub-district","BWA_adm2"
"9",2007,0.189606740036135,"30","BWA","Botswana","2","Ghanzi","9","Ghanzi",NA,NA,"Sub-district","Sub-district","BWA_adm2"
"9",2008,0.181282020187869,"30","BWA","Botswana","2","Ghanzi","9","Ghanzi",NA,NA,"Sub-district","Sub-district","BWA_adm2"
"9",2009,0.176178452393077,"30","BWA","Botswana","2","Ghanzi","9","Ghanzi",NA,NA,"Sub-district","Sub-district","BWA_adm2"
"9",2010,0.17340777631974,"30","BWA","Botswana","2","Ghanzi","9","Ghanzi",NA,NA,"Sub-district","Sub-district","BWA_adm2"
"9",2011,0.172475197306364,"30","BWA","Botswana","2","Ghanzi","9","Ghanzi",NA,NA,"Sub-district","Sub-district","BWA_adm2"
"9",2012,0.167464719452385,"30","BWA","Botswana","2","Ghanzi","9","Ghanzi",NA,NA,"Sub-district","Sub-district","BWA_adm2"
"9",2013,0.165431274573079,"30","BWA","Botswana","2","Ghanzi","9","Ghanzi",NA,NA,"Sub-district","Sub-district","BWA_adm2"
"9",2014,0.162523843432775,"30","BWA","Botswana","2","Ghanzi","9","Ghanzi",NA,NA,"Sub-district","Sub-district","BWA_adm2"
"9",2015,0.157638426899826,"30","BWA","Botswana","2","Ghanzi","9","Ghanzi",NA,NA,"Sub-district","Sub-district","BWA_adm2"
"9",2016,0.153782370492376,"30","BWA","Botswana","2","Ghanzi","9","Ghanzi",NA,NA,"Sub-district","Sub-district","BWA_adm2"
"9",2017,0.15105499506897,"30","BWA","Botswana","2","Ghanzi","9","Ghanzi",NA,NA,"Sub-district","Sub-district","BWA_adm2"
