"ihme_loc_id","clinic","year_id","mean","high_risk","lbd_areal","lbd_missing","site_pred","adm0_mean","adm0_lower","adm0_upper","adm1_mean","adm1_lower","adm1_upper","iso3_adm1","loc_id_adm1"
"BWA","Bobirwa district (%)",1985,NA,FALSE,0,0,NA,NA,NA,NA,NA,NA,NA,NA,NA
"BWA","Bobirwa district (%)",1986,NA,FALSE,0,0,NA,NA,NA,NA,NA,NA,NA,NA,NA
"BWA","Bobirwa district (%)",1987,NA,FALSE,0,0,NA,NA,NA,NA,NA,NA,NA,NA,NA
"BWA","Bobirwa district (%)",1988,NA,FALSE,0,0,NA,NA,NA,NA,NA,NA,NA,NA,NA
"BWA","Bobirwa district (%)",1989,NA,FALSE,0,0,NA,NA,NA,NA,NA,NA,NA,NA,NA
"BWA","Bobirwa district (%)",1990,NA,FALSE,0,0,NA,NA,NA,NA,NA,NA,NA,NA,NA
"BWA","Bobirwa district (%)",1991,NA,FALSE,0,0,NA,NA,NA,NA,NA,NA,NA,NA,NA
"BWA","Bobirwa district (%)",1992,NA,FALSE,0,0,NA,NA,NA,NA,NA,NA,NA,NA,NA
"BWA","Bobirwa district (%)",1993,NA,FALSE,0,0,NA,NA,NA,NA,NA,NA,NA,NA,NA
"BWA","Bobirwa district (%)",1994,NA,FALSE,0,0,NA,NA,NA,NA,NA,NA,NA,NA,NA
"BWA","Bobirwa district (%)",1995,NA,FALSE,0,0,NA,NA,NA,NA,NA,NA,NA,NA,NA
"BWA","Bobirwa district (%)",1996,NA,FALSE,0,0,NA,NA,NA,NA,NA,NA,NA,NA,NA
"BWA","Bobirwa district (%)",1997,NA,FALSE,0,0,NA,NA,NA,NA,NA,NA,NA,NA,NA
"BWA","Bobirwa district (%)",1998,NA,FALSE,0,0,NA,NA,NA,NA,NA,NA,NA,NA,NA
"BWA","Bobirwa district (%)",1999,NA,FALSE,0,0,NA,NA,NA,NA,NA,NA,NA,NA,NA
"BWA","Boteti (%)",1985,NA,FALSE,0,0,NA,NA,NA,NA,NA,NA,NA,NA,NA
"BWA","Boteti (%)",1986,NA,FALSE,0,0,NA,NA,NA,NA,NA,NA,NA,NA,NA
"BWA","Boteti (%)",1987,NA,FALSE,0,0,NA,NA,NA,NA,NA,NA,NA,NA,NA
"BWA","Boteti (%)",1988,NA,FALSE,0,0,NA,NA,NA,NA,NA,NA,NA,NA,NA
"BWA","Boteti (%)",1989,NA,FALSE,0,0,NA,NA,NA,NA,NA,NA,NA,NA,NA
"BWA","Boteti (%)",1990,NA,FALSE,0,0,NA,NA,NA,NA,NA,NA,NA,NA,NA
"BWA","Boteti (%)",1991,NA,FALSE,0,0,NA,NA,NA,NA,NA,NA,NA,NA,NA
"BWA","Boteti (%)",1992,NA,FALSE,0,0,NA,NA,NA,NA,NA,NA,NA,NA,NA
"BWA","Boteti (%)",1993,NA,FALSE,0,0,NA,NA,NA,NA,NA,NA,NA,NA,NA
"BWA","Boteti (%)",1994,NA,FALSE,0,0,NA,NA,NA,NA,NA,NA,NA,NA,NA
"BWA","Boteti (%)",1995,NA,FALSE,0,0,NA,NA,NA,NA,NA,NA,NA,NA,NA
"BWA","Boteti (%)",1996,NA,FALSE,0,0,NA,NA,NA,NA,NA,NA,NA,NA,NA
"BWA","Boteti (%)",1997,NA,FALSE,0,0,NA,NA,NA,NA,NA,NA,NA,NA,NA
"BWA","Boteti (%)",1998,NA,FALSE,0,0,NA,NA,NA,NA,NA,NA,NA,NA,NA
"BWA","Boteti (%)",1999,NA,FALSE,0,0,NA,NA,NA,NA,NA,NA,NA,NA,NA
"BWA","Chobe (%)",1985,NA,FALSE,0,0,NA,NA,NA,NA,NA,NA,NA,NA,NA
"BWA","Chobe (%)",1986,NA,FALSE,0,0,NA,NA,NA,NA,NA,NA,NA,NA,NA
"BWA","Chobe (%)",1987,NA,FALSE,0,0,NA,NA,NA,NA,NA,NA,NA,NA,NA
"BWA","Chobe (%)",1988,NA,FALSE,0,0,NA,NA,NA,NA,NA,NA,NA,NA,NA
"BWA","Chobe (%)",1989,NA,FALSE,0,0,NA,NA,NA,NA,NA,NA,NA,NA,NA
"BWA","Chobe (%)",1990,NA,FALSE,0,0,NA,NA,NA,NA,NA,NA,NA,NA,NA
"BWA","Chobe (%)",1991,NA,FALSE,0,0,NA,NA,NA,NA,NA,NA,NA,NA,NA
"BWA","Chobe (%)",1992,NA,FALSE,0,0,NA,NA,NA,NA,NA,NA,NA,NA,NA
"BWA","Chobe (%)",1993,0.183,FALSE,0,0,NA,NA,NA,NA,NA,NA,NA,NA,NA
"BWA","Chobe (%)",1994,NA,FALSE,0,0,NA,NA,NA,NA,NA,NA,NA,NA,NA
"BWA","Chobe (%)",1995,0.379,FALSE,0,0,NA,NA,NA,NA,NA,NA,NA,NA,NA
"BWA","Chobe (%)",1996,NA,FALSE,0,0,NA,NA,NA,NA,NA,NA,NA,NA,NA
"BWA","Chobe (%)",1997,0.383,FALSE,0,0,NA,NA,NA,NA,NA,NA,NA,NA,NA
"BWA","Chobe (%)",1998,NA,FALSE,0,0,NA,NA,NA,NA,NA,NA,NA,NA,NA
"BWA","Chobe (%)",1999,0.508,FALSE,0,0,NA,NA,NA,NA,NA,NA,NA,NA,NA
"BWA","Francistown (%)",1985,NA,FALSE,0,0,NA,NA,NA,NA,NA,NA,NA,NA,NA
"BWA","Francistown (%)",1986,NA,FALSE,0,0,NA,NA,NA,NA,NA,NA,NA,NA,NA
"BWA","Francistown (%)",1987,NA,FALSE,0,0,NA,NA,NA,NA,NA,NA,NA,NA,NA
"BWA","Francistown (%)",1988,NA,FALSE,0,0,NA,NA,NA,NA,NA,NA,NA,NA,NA
"BWA","Francistown (%)",1989,NA,FALSE,0,0,NA,NA,NA,NA,NA,NA,NA,NA,NA
"BWA","Francistown (%)",1990,NA,FALSE,0,0,NA,NA,NA,NA,NA,NA,NA,NA,NA
"BWA","Francistown (%)",1991,0.16,FALSE,0,0,NA,NA,NA,NA,NA,NA,NA,NA,NA
"BWA","Francistown (%)",1992,0.237,FALSE,0,0,NA,NA,NA,NA,NA,NA,NA,NA,NA
"BWA","Francistown (%)",1993,0.342,FALSE,0,0,NA,NA,NA,NA,NA,NA,NA,NA,NA
"BWA","Francistown (%)",1994,0.297,FALSE,0,0,NA,NA,NA,NA,NA,NA,NA,NA,NA
"BWA","Francistown (%)",1995,0.396,FALSE,0,0,NA,NA,NA,NA,NA,NA,NA,NA,NA
"BWA","Francistown (%)",1996,0.431,FALSE,0,0,NA,NA,NA,NA,NA,NA,NA,NA,NA
"BWA","Francistown (%)",1997,0.429,FALSE,0,0,NA,NA,NA,NA,NA,NA,NA,NA,NA
"BWA","Francistown (%)",1998,0.43,FALSE,0,0,NA,NA,NA,NA,NA,NA,NA,NA,NA
"BWA","Francistown (%)",1999,0.427,FALSE,0,0,NA,NA,NA,NA,NA,NA,NA,NA,NA
"BWA","Gaborone (%)",1985,NA,FALSE,0,0,NA,NA,NA,NA,NA,NA,NA,NA,NA
"BWA","Gaborone (%)",1986,NA,FALSE,0,0,NA,NA,NA,NA,NA,NA,NA,NA,NA
"BWA","Gaborone (%)",1987,NA,FALSE,0,0,NA,NA,NA,NA,NA,NA,NA,NA,NA
"BWA","Gaborone (%)",1988,NA,FALSE,0,0,NA,NA,NA,NA,NA,NA,NA,NA,NA
"BWA","Gaborone (%)",1989,NA,FALSE,0,0,NA,NA,NA,NA,NA,NA,NA,NA,NA
"BWA","Gaborone (%)",1990,NA,FALSE,0,0,NA,NA,NA,NA,NA,NA,NA,NA,NA
"BWA","Gaborone (%)",1991,0.17,FALSE,0,0,NA,NA,NA,NA,NA,NA,NA,NA,NA
"BWA","Gaborone (%)",1992,0.149,FALSE,0,0,NA,NA,NA,NA,NA,NA,NA,NA,NA
"BWA","Gaborone (%)",1993,0.192,FALSE,0,0,NA,NA,NA,NA,NA,NA,NA,NA,NA
"BWA","Gaborone (%)",1994,0.278,FALSE,0,0,NA,NA,NA,NA,NA,NA,NA,NA,NA
"BWA","Gaborone (%)",1995,0.287,FALSE,0,0,NA,NA,NA,NA,NA,NA,NA,NA,NA
"BWA","Gaborone (%)",1996,0.313,FALSE,0,0,NA,NA,NA,NA,NA,NA,NA,NA,NA
"BWA","Gaborone (%)",1997,0.34,FALSE,0,0,NA,NA,NA,NA,NA,NA,NA,NA,NA
"BWA","Gaborone (%)",1998,0.391,FALSE,0,0,NA,NA,NA,NA,NA,NA,NA,NA,NA
"BWA","Gaborone (%)",1999,0.371,FALSE,0,0,NA,NA,NA,NA,NA,NA,NA,NA,NA
"BWA","Gantsi (%)",1985,NA,FALSE,0,0,NA,NA,NA,NA,NA,NA,NA,NA,NA
"BWA","Gantsi (%)",1986,NA,FALSE,0,0,NA,NA,NA,NA,NA,NA,NA,NA,NA
"BWA","Gantsi (%)",1987,NA,FALSE,0,0,NA,NA,NA,NA,NA,NA,NA,NA,NA
"BWA","Gantsi (%)",1988,NA,FALSE,0,0,NA,NA,NA,NA,NA,NA,NA,NA,NA
"BWA","Gantsi (%)",1989,NA,FALSE,0,0,NA,NA,NA,NA,NA,NA,NA,NA,NA
"BWA","Gantsi (%)",1990,NA,FALSE,0,0,NA,NA,NA,NA,NA,NA,NA,NA,NA
"BWA","Gantsi (%)",1991,NA,FALSE,0,0,NA,NA,NA,NA,NA,NA,NA,NA,NA
"BWA","Gantsi (%)",1992,NA,FALSE,0,0,NA,NA,NA,NA,NA,NA,NA,NA,NA
"BWA","Gantsi (%)",1993,0.095,FALSE,0,0,NA,NA,NA,NA,NA,NA,NA,NA,NA
"BWA","Gantsi (%)",1994,NA,FALSE,0,0,NA,NA,NA,NA,NA,NA,NA,NA,NA
"BWA","Gantsi (%)",1995,0.189,FALSE,0,0,NA,NA,NA,NA,NA,NA,NA,NA,NA
"BWA","Gantsi (%)",1996,NA,FALSE,0,0,NA,NA,NA,NA,NA,NA,NA,NA,NA
"BWA","Gantsi (%)",1997,NA,FALSE,0,0,NA,NA,NA,NA,NA,NA,NA,NA,NA
"BWA","Gantsi (%)",1998,0.223,FALSE,0,0,NA,NA,NA,NA,NA,NA,NA,NA,NA
"BWA","Gantsi (%)",1999,NA,FALSE,0,0,NA,NA,NA,NA,NA,NA,NA,NA,NA
"BWA","Goodhope (%)",1985,NA,FALSE,0,0,NA,NA,NA,NA,NA,NA,NA,NA,NA
"BWA","Goodhope (%)",1986,NA,FALSE,0,0,NA,NA,NA,NA,NA,NA,NA,NA,NA
"BWA","Goodhope (%)",1987,NA,FALSE,0,0,NA,NA,NA,NA,NA,NA,NA,NA,NA
"BWA","Goodhope (%)",1988,NA,FALSE,0,0,NA,NA,NA,NA,NA,NA,NA,NA,NA
"BWA","Goodhope (%)",1989,NA,FALSE,0,0,NA,NA,NA,NA,NA,NA,NA,NA,NA
"BWA","Goodhope (%)",1990,NA,FALSE,0,0,NA,NA,NA,NA,NA,NA,NA,NA,NA
"BWA","Goodhope (%)",1991,NA,FALSE,0,0,NA,NA,NA,NA,NA,NA,NA,NA,NA
"BWA","Goodhope (%)",1992,NA,FALSE,0,0,NA,NA,NA,NA,NA,NA,NA,NA,NA
"BWA","Goodhope (%)",1993,NA,FALSE,0,0,NA,NA,NA,NA,NA,NA,NA,NA,NA
"BWA","Goodhope (%)",1994,NA,FALSE,0,0,NA,NA,NA,NA,NA,NA,NA,NA,NA
"BWA","Goodhope (%)",1995,NA,FALSE,0,0,NA,NA,NA,NA,NA,NA,NA,NA,NA
"BWA","Goodhope (%)",1996,NA,FALSE,0,0,NA,NA,NA,NA,NA,NA,NA,NA,NA
"BWA","Goodhope (%)",1997,NA,FALSE,0,0,NA,NA,NA,NA,NA,NA,NA,NA,NA
"BWA","Goodhope (%)",1998,NA,FALSE,0,0,NA,NA,NA,NA,NA,NA,NA,NA,NA
"BWA","Goodhope (%)",1999,NA,FALSE,0,0,NA,NA,NA,NA,NA,NA,NA,NA,NA
"BWA","Hukuntsi (%)",1985,NA,FALSE,0,0,NA,NA,NA,NA,NA,NA,NA,NA,NA
"BWA","Hukuntsi (%)",1986,NA,FALSE,0,0,NA,NA,NA,NA,NA,NA,NA,NA,NA
"BWA","Hukuntsi (%)",1987,NA,FALSE,0,0,NA,NA,NA,NA,NA,NA,NA,NA,NA
"BWA","Hukuntsi (%)",1988,NA,FALSE,0,0,NA,NA,NA,NA,NA,NA,NA,NA,NA
"BWA","Hukuntsi (%)",1989,NA,FALSE,0,0,NA,NA,NA,NA,NA,NA,NA,NA,NA
"BWA","Hukuntsi (%)",1990,NA,FALSE,0,0,NA,NA,NA,NA,NA,NA,NA,NA,NA
"BWA","Hukuntsi (%)",1991,NA,FALSE,0,0,NA,NA,NA,NA,NA,NA,NA,NA,NA
"BWA","Hukuntsi (%)",1992,NA,FALSE,0,0,NA,NA,NA,NA,NA,NA,NA,NA,NA
"BWA","Hukuntsi (%)",1993,NA,FALSE,0,0,NA,NA,NA,NA,NA,NA,NA,NA,NA
"BWA","Hukuntsi (%)",1994,NA,FALSE,0,0,NA,NA,NA,NA,NA,NA,NA,NA,NA
"BWA","Hukuntsi (%)",1995,NA,FALSE,0,0,NA,NA,NA,NA,NA,NA,NA,NA,NA
"BWA","Hukuntsi (%)",1996,NA,FALSE,0,0,NA,NA,NA,NA,NA,NA,NA,NA,NA
"BWA","Hukuntsi (%)",1997,NA,FALSE,0,0,NA,NA,NA,NA,NA,NA,NA,NA,NA
"BWA","Hukuntsi (%)",1998,NA,FALSE,0,0,NA,NA,NA,NA,NA,NA,NA,NA,NA
"BWA","Hukuntsi (%)",1999,NA,FALSE,0,0,NA,NA,NA,NA,NA,NA,NA,NA,NA
"BWA","Jwaneng (%)",1985,NA,FALSE,0,0,NA,NA,NA,NA,NA,NA,NA,NA,NA
"BWA","Jwaneng (%)",1986,NA,FALSE,0,0,NA,NA,NA,NA,NA,NA,NA,NA,NA
"BWA","Jwaneng (%)",1987,NA,FALSE,0,0,NA,NA,NA,NA,NA,NA,NA,NA,NA
"BWA","Jwaneng (%)",1988,NA,FALSE,0,0,NA,NA,NA,NA,NA,NA,NA,NA,NA
"BWA","Jwaneng (%)",1989,NA,FALSE,0,0,NA,NA,NA,NA,NA,NA,NA,NA,NA
"BWA","Jwaneng (%)",1990,NA,FALSE,0,0,NA,NA,NA,NA,NA,NA,NA,NA,NA
"BWA","Jwaneng (%)",1991,NA,FALSE,0,0,NA,NA,NA,NA,NA,NA,NA,NA,NA
"BWA","Jwaneng (%)",1992,NA,FALSE,0,0,NA,NA,NA,NA,NA,NA,NA,NA,NA
"BWA","Jwaneng (%)",1993,NA,FALSE,0,0,NA,NA,NA,NA,NA,NA,NA,NA,NA
"BWA","Jwaneng (%)",1994,NA,FALSE,0,0,NA,NA,NA,NA,NA,NA,NA,NA,NA
"BWA","Jwaneng (%)",1995,NA,FALSE,0,0,NA,NA,NA,NA,NA,NA,NA,NA,NA
"BWA","Jwaneng (%)",1996,NA,FALSE,0,0,NA,NA,NA,NA,NA,NA,NA,NA,NA
"BWA","Jwaneng (%)",1997,NA,FALSE,0,0,NA,NA,NA,NA,NA,NA,NA,NA,NA
"BWA","Jwaneng (%)",1998,NA,FALSE,0,0,NA,NA,NA,NA,NA,NA,NA,NA,NA
"BWA","Jwaneng (%)",1999,NA,FALSE,0,0,NA,NA,NA,NA,NA,NA,NA,NA,NA
"BWA","Kgalagadi (%)",1985,NA,FALSE,0,0,NA,NA,NA,NA,NA,NA,NA,NA,NA
"BWA","Kgalagadi (%)",1986,NA,FALSE,0,0,NA,NA,NA,NA,NA,NA,NA,NA,NA
"BWA","Kgalagadi (%)",1987,NA,FALSE,0,0,NA,NA,NA,NA,NA,NA,NA,NA,NA
"BWA","Kgalagadi (%)",1988,NA,FALSE,0,0,NA,NA,NA,NA,NA,NA,NA,NA,NA
"BWA","Kgalagadi (%)",1989,NA,FALSE,0,0,NA,NA,NA,NA,NA,NA,NA,NA,NA
"BWA","Kgalagadi (%)",1990,NA,FALSE,0,0,NA,NA,NA,NA,NA,NA,NA,NA,NA
"BWA","Kgalagadi (%)",1991,NA,FALSE,0,0,NA,NA,NA,NA,NA,NA,NA,NA,NA
"BWA","Kgalagadi (%)",1992,NA,FALSE,0,0,NA,NA,NA,NA,NA,NA,NA,NA,NA
"BWA","Kgalagadi (%)",1993,NA,FALSE,0,0,NA,NA,NA,NA,NA,NA,NA,NA,NA
"BWA","Kgalagadi (%)",1994,NA,FALSE,0,0,NA,NA,NA,NA,NA,NA,NA,NA,NA
"BWA","Kgalagadi (%)",1995,NA,FALSE,0,0,NA,NA,NA,NA,NA,NA,NA,NA,NA
"BWA","Kgalagadi (%)",1996,NA,FALSE,0,0,NA,NA,NA,NA,NA,NA,NA,NA,NA
"BWA","Kgalagadi (%)",1997,NA,FALSE,0,0,NA,NA,NA,NA,NA,NA,NA,NA,NA
"BWA","Kgalagadi (%)",1998,NA,FALSE,0,0,NA,NA,NA,NA,NA,NA,NA,NA,NA
"BWA","Kgalagadi (%)",1999,0.218,FALSE,0,0,NA,NA,NA,NA,NA,NA,NA,NA,NA
"BWA","Kgatleng (%)",1985,NA,FALSE,0,0,NA,NA,NA,NA,NA,NA,NA,NA,NA
"BWA","Kgatleng (%)",1986,NA,FALSE,0,0,NA,NA,NA,NA,NA,NA,NA,NA,NA
"BWA","Kgatleng (%)",1987,NA,FALSE,0,0,NA,NA,NA,NA,NA,NA,NA,NA,NA
"BWA","Kgatleng (%)",1988,NA,FALSE,0,0,NA,NA,NA,NA,NA,NA,NA,NA,NA
"BWA","Kgatleng (%)",1989,NA,FALSE,0,0,NA,NA,NA,NA,NA,NA,NA,NA,NA
"BWA","Kgatleng (%)",1990,NA,FALSE,0,0,NA,NA,NA,NA,NA,NA,NA,NA,NA
"BWA","Kgatleng (%)",1991,NA,FALSE,0,0,NA,NA,NA,NA,NA,NA,NA,NA,NA
"BWA","Kgatleng (%)",1992,NA,FALSE,0,0,NA,NA,NA,NA,NA,NA,NA,NA,NA
"BWA","Kgatleng (%)",1993,NA,FALSE,0,0,NA,NA,NA,NA,NA,NA,NA,NA,NA
"BWA","Kgatleng (%)",1994,NA,FALSE,0,0,NA,NA,NA,NA,NA,NA,NA,NA,NA
"BWA","Kgatleng (%)",1995,NA,FALSE,0,0,NA,NA,NA,NA,NA,NA,NA,NA,NA
"BWA","Kgatleng (%)",1996,NA,FALSE,0,0,NA,NA,NA,NA,NA,NA,NA,NA,NA
"BWA","Kgatleng (%)",1997,0.305,FALSE,0,0,NA,NA,NA,NA,NA,NA,NA,NA,NA
"BWA","Kgatleng (%)",1998,NA,FALSE,0,0,NA,NA,NA,NA,NA,NA,NA,NA,NA
"BWA","Kgatleng (%)",1999,0.295,FALSE,0,0,NA,NA,NA,NA,NA,NA,NA,NA,NA
"BWA","Kweneng East (%)",1985,NA,FALSE,0,0,NA,NA,NA,NA,NA,NA,NA,NA,NA
"BWA","Kweneng East (%)",1986,NA,FALSE,0,0,NA,NA,NA,NA,NA,NA,NA,NA,NA
"BWA","Kweneng East (%)",1987,NA,FALSE,0,0,NA,NA,NA,NA,NA,NA,NA,NA,NA
"BWA","Kweneng East (%)",1988,NA,FALSE,0,0,NA,NA,NA,NA,NA,NA,NA,NA,NA
"BWA","Kweneng East (%)",1989,NA,FALSE,0,0,NA,NA,NA,NA,NA,NA,NA,NA,NA
"BWA","Kweneng East (%)",1990,NA,FALSE,0,0,NA,NA,NA,NA,NA,NA,NA,NA,NA
"BWA","Kweneng East (%)",1991,NA,FALSE,0,0,NA,NA,NA,NA,NA,NA,NA,NA,NA
"BWA","Kweneng East (%)",1992,NA,FALSE,0,0,NA,NA,NA,NA,NA,NA,NA,NA,NA
"BWA","Kweneng East (%)",1993,NA,FALSE,0,0,NA,NA,NA,NA,NA,NA,NA,NA,NA
"BWA","Kweneng East (%)",1994,NA,FALSE,0,0,NA,NA,NA,NA,NA,NA,NA,NA,NA
"BWA","Kweneng East (%)",1995,NA,FALSE,0,0,NA,NA,NA,NA,NA,NA,NA,NA,NA
"BWA","Kweneng East (%)",1996,0.239,FALSE,0,0,NA,NA,NA,NA,NA,NA,NA,NA,NA
"BWA","Kweneng East (%)",1997,NA,FALSE,0,0,NA,NA,NA,NA,NA,NA,NA,NA,NA
"BWA","Kweneng East (%)",1998,0.372,FALSE,0,0,NA,NA,NA,NA,NA,NA,NA,NA,NA
"BWA","Kweneng East (%)",1999,NA,FALSE,0,0,NA,NA,NA,NA,NA,NA,NA,NA,NA
"BWA","Kweneng West (%)",1985,NA,FALSE,0,0,NA,NA,NA,NA,NA,NA,NA,NA,NA
"BWA","Kweneng West (%)",1986,NA,FALSE,0,0,NA,NA,NA,NA,NA,NA,NA,NA,NA
"BWA","Kweneng West (%)",1987,NA,FALSE,0,0,NA,NA,NA,NA,NA,NA,NA,NA,NA
"BWA","Kweneng West (%)",1988,NA,FALSE,0,0,NA,NA,NA,NA,NA,NA,NA,NA,NA
"BWA","Kweneng West (%)",1989,NA,FALSE,0,0,NA,NA,NA,NA,NA,NA,NA,NA,NA
"BWA","Kweneng West (%)",1990,NA,FALSE,0,0,NA,NA,NA,NA,NA,NA,NA,NA,NA
"BWA","Kweneng West (%)",1991,NA,FALSE,0,0,NA,NA,NA,NA,NA,NA,NA,NA,NA
"BWA","Kweneng West (%)",1992,NA,FALSE,0,0,NA,NA,NA,NA,NA,NA,NA,NA,NA
"BWA","Kweneng West (%)",1993,NA,FALSE,0,0,NA,NA,NA,NA,NA,NA,NA,NA,NA
"BWA","Kweneng West (%)",1994,NA,FALSE,0,0,NA,NA,NA,NA,NA,NA,NA,NA,NA
"BWA","Kweneng West (%)",1995,NA,FALSE,0,0,NA,NA,NA,NA,NA,NA,NA,NA,NA
"BWA","Kweneng West (%)",1996,0.301,FALSE,0,0,NA,NA,NA,NA,NA,NA,NA,NA,NA
"BWA","Kweneng West (%)",1997,NA,FALSE,0,0,NA,NA,NA,NA,NA,NA,NA,NA,NA
"BWA","Kweneng West (%)",1998,0.265,FALSE,0,0,NA,NA,NA,NA,NA,NA,NA,NA,NA
"BWA","Kweneng West (%)",1999,NA,FALSE,0,0,NA,NA,NA,NA,NA,NA,NA,NA,NA
"BWA","Lobatse (%)",1985,NA,FALSE,0,0,NA,NA,NA,NA,NA,NA,NA,NA,NA
"BWA","Lobatse (%)",1986,NA,FALSE,0,0,NA,NA,NA,NA,NA,NA,NA,NA,NA
"BWA","Lobatse (%)",1987,NA,FALSE,0,0,NA,NA,NA,NA,NA,NA,NA,NA,NA
"BWA","Lobatse (%)",1988,NA,FALSE,0,0,NA,NA,NA,NA,NA,NA,NA,NA,NA
"BWA","Lobatse (%)",1989,NA,FALSE,0,0,NA,NA,NA,NA,NA,NA,NA,NA,NA
"BWA","Lobatse (%)",1990,NA,FALSE,0,0,NA,NA,NA,NA,NA,NA,NA,NA,NA
"BWA","Lobatse (%)",1991,NA,FALSE,0,0,NA,NA,NA,NA,NA,NA,NA,NA,NA
"BWA","Lobatse (%)",1992,NA,FALSE,0,0,NA,NA,NA,NA,NA,NA,NA,NA,NA
"BWA","Lobatse (%)",1993,0.178,FALSE,0,0,NA,NA,NA,NA,NA,NA,NA,NA,NA
"BWA","Lobatse (%)",1994,NA,FALSE,0,0,NA,NA,NA,NA,NA,NA,NA,NA,NA
"BWA","Lobatse (%)",1995,0.389,FALSE,0,0,NA,NA,NA,NA,NA,NA,NA,NA,NA
"BWA","Lobatse (%)",1996,NA,FALSE,0,0,NA,NA,NA,NA,NA,NA,NA,NA,NA
"BWA","Lobatse (%)",1997,0.337,FALSE,0,0,NA,NA,NA,NA,NA,NA,NA,NA,NA
"BWA","Lobatse (%)",1998,NA,FALSE,0,0,NA,NA,NA,NA,NA,NA,NA,NA,NA
"BWA","Lobatse (%)",1999,0.313,FALSE,0,0,NA,NA,NA,NA,NA,NA,NA,NA,NA
"BWA","Mabutsane (%)",1985,NA,FALSE,0,0,NA,NA,NA,NA,NA,NA,NA,NA,NA
"BWA","Mabutsane (%)",1986,NA,FALSE,0,0,NA,NA,NA,NA,NA,NA,NA,NA,NA
"BWA","Mabutsane (%)",1987,NA,FALSE,0,0,NA,NA,NA,NA,NA,NA,NA,NA,NA
"BWA","Mabutsane (%)",1988,NA,FALSE,0,0,NA,NA,NA,NA,NA,NA,NA,NA,NA
"BWA","Mabutsane (%)",1989,NA,FALSE,0,0,NA,NA,NA,NA,NA,NA,NA,NA,NA
"BWA","Mabutsane (%)",1990,NA,FALSE,0,0,NA,NA,NA,NA,NA,NA,NA,NA,NA
"BWA","Mabutsane (%)",1991,NA,FALSE,0,0,NA,NA,NA,NA,NA,NA,NA,NA,NA
"BWA","Mabutsane (%)",1992,NA,FALSE,0,0,NA,NA,NA,NA,NA,NA,NA,NA,NA
"BWA","Mabutsane (%)",1993,NA,FALSE,0,0,NA,NA,NA,NA,NA,NA,NA,NA,NA
"BWA","Mabutsane (%)",1994,NA,FALSE,0,0,NA,NA,NA,NA,NA,NA,NA,NA,NA
"BWA","Mabutsane (%)",1995,NA,FALSE,0,0,NA,NA,NA,NA,NA,NA,NA,NA,NA
"BWA","Mabutsane (%)",1996,NA,FALSE,0,0,NA,NA,NA,NA,NA,NA,NA,NA,NA
"BWA","Mabutsane (%)",1997,NA,FALSE,0,0,NA,NA,NA,NA,NA,NA,NA,NA,NA
"BWA","Mabutsane (%)",1998,NA,FALSE,0,0,NA,NA,NA,NA,NA,NA,NA,NA,NA
"BWA","Mabutsane (%)",1999,NA,FALSE,0,0,NA,NA,NA,NA,NA,NA,NA,NA,NA
"BWA","Mahalapye (%)",1985,NA,FALSE,0,0,NA,NA,NA,NA,NA,NA,NA,NA,NA
"BWA","Mahalapye (%)",1986,NA,FALSE,0,0,NA,NA,NA,NA,NA,NA,NA,NA,NA
"BWA","Mahalapye (%)",1987,NA,FALSE,0,0,NA,NA,NA,NA,NA,NA,NA,NA,NA
"BWA","Mahalapye (%)",1988,NA,FALSE,0,0,NA,NA,NA,NA,NA,NA,NA,NA,NA
"BWA","Mahalapye (%)",1989,NA,FALSE,0,0,NA,NA,NA,NA,NA,NA,NA,NA,NA
"BWA","Mahalapye (%)",1990,NA,FALSE,0,0,NA,NA,NA,NA,NA,NA,NA,NA,NA
"BWA","Mahalapye (%)",1991,NA,FALSE,0,0,NA,NA,NA,NA,NA,NA,NA,NA,NA
"BWA","Mahalapye (%)",1992,NA,FALSE,0,0,NA,NA,NA,NA,NA,NA,NA,NA,NA
"BWA","Mahalapye (%)",1993,NA,FALSE,0,0,NA,NA,NA,NA,NA,NA,NA,NA,NA
"BWA","Mahalapye (%)",1994,NA,FALSE,0,0,NA,NA,NA,NA,NA,NA,NA,NA,NA
"BWA","Mahalapye (%)",1995,NA,FALSE,0,0,NA,NA,NA,NA,NA,NA,NA,NA,NA
"BWA","Mahalapye (%)",1996,NA,FALSE,0,0,NA,NA,NA,NA,NA,NA,NA,NA,NA
"BWA","Mahalapye (%)",1997,0.282,FALSE,0,0,NA,NA,NA,NA,NA,NA,NA,NA,NA
"BWA","Mahalapye (%)",1998,NA,FALSE,0,0,NA,NA,NA,NA,NA,NA,NA,NA,NA
"BWA","Mahalapye (%)",1999,0.32,FALSE,0,0,NA,NA,NA,NA,NA,NA,NA,NA,NA
"BWA","Ngami (%)",1985,NA,FALSE,0,0,NA,NA,NA,NA,NA,NA,NA,NA,NA
"BWA","Ngami (%)",1986,NA,FALSE,0,0,NA,NA,NA,NA,NA,NA,NA,NA,NA
"BWA","Ngami (%)",1987,NA,FALSE,0,0,NA,NA,NA,NA,NA,NA,NA,NA,NA
"BWA","Ngami (%)",1988,NA,FALSE,0,0,NA,NA,NA,NA,NA,NA,NA,NA,NA
"BWA","Ngami (%)",1989,NA,FALSE,0,0,NA,NA,NA,NA,NA,NA,NA,NA,NA
"BWA","Ngami (%)",1990,NA,FALSE,0,0,NA,NA,NA,NA,NA,NA,NA,NA,NA
"BWA","Ngami (%)",1991,0.08,FALSE,0,0,NA,NA,NA,NA,NA,NA,NA,NA,NA
"BWA","Ngami (%)",1992,0.127,FALSE,0,0,NA,NA,NA,NA,NA,NA,NA,NA,NA
"BWA","Ngami (%)",1993,NA,FALSE,0,0,NA,NA,NA,NA,NA,NA,NA,NA,NA
"BWA","Ngami (%)",1994,0.194,FALSE,0,0,NA,NA,NA,NA,NA,NA,NA,NA,NA
"BWA","Ngami (%)",1995,NA,FALSE,0,0,NA,NA,NA,NA,NA,NA,NA,NA,NA
"BWA","Ngami (%)",1996,0.323,FALSE,0,0,NA,NA,NA,NA,NA,NA,NA,NA,NA
"BWA","Ngami (%)",1997,NA,FALSE,0,0,NA,NA,NA,NA,NA,NA,NA,NA,NA
"BWA","Ngami (%)",1998,0.335,FALSE,0,0,NA,NA,NA,NA,NA,NA,NA,NA,NA
"BWA","Ngami (%)",1999,NA,FALSE,0,0,NA,NA,NA,NA,NA,NA,NA,NA,NA
"BWA","North East (%)",1985,NA,FALSE,0,0,NA,NA,NA,NA,NA,NA,NA,NA,NA
"BWA","North East (%)",1986,NA,FALSE,0,0,NA,NA,NA,NA,NA,NA,NA,NA,NA
"BWA","North East (%)",1987,NA,FALSE,0,0,NA,NA,NA,NA,NA,NA,NA,NA,NA
"BWA","North East (%)",1988,NA,FALSE,0,0,NA,NA,NA,NA,NA,NA,NA,NA,NA
"BWA","North East (%)",1989,NA,FALSE,0,0,NA,NA,NA,NA,NA,NA,NA,NA,NA
"BWA","North East (%)",1990,NA,FALSE,0,0,NA,NA,NA,NA,NA,NA,NA,NA,NA
"BWA","North East (%)",1991,NA,FALSE,0,0,NA,NA,NA,NA,NA,NA,NA,NA,NA
"BWA","North East (%)",1992,NA,FALSE,0,0,NA,NA,NA,NA,NA,NA,NA,NA,NA
"BWA","North East (%)",1993,NA,FALSE,0,0,NA,NA,NA,NA,NA,NA,NA,NA,NA
"BWA","North East (%)",1994,NA,FALSE,0,0,NA,NA,NA,NA,NA,NA,NA,NA,NA
"BWA","North East (%)",1995,NA,FALSE,0,0,NA,NA,NA,NA,NA,NA,NA,NA,NA
"BWA","North East (%)",1996,NA,FALSE,0,0,NA,NA,NA,NA,NA,NA,NA,NA,NA
"BWA","North East (%)",1997,NA,FALSE,0,0,NA,NA,NA,NA,NA,NA,NA,NA,NA
"BWA","North East (%)",1998,NA,FALSE,0,0,NA,NA,NA,NA,NA,NA,NA,NA,NA
"BWA","North East (%)",1999,NA,FALSE,0,0,NA,NA,NA,NA,NA,NA,NA,NA,NA
"BWA","Okavango (%)",1985,NA,FALSE,0,0,NA,NA,NA,NA,NA,NA,NA,NA,NA
"BWA","Okavango (%)",1986,NA,FALSE,0,0,NA,NA,NA,NA,NA,NA,NA,NA,NA
"BWA","Okavango (%)",1987,NA,FALSE,0,0,NA,NA,NA,NA,NA,NA,NA,NA,NA
"BWA","Okavango (%)",1988,NA,FALSE,0,0,NA,NA,NA,NA,NA,NA,NA,NA,NA
"BWA","Okavango (%)",1989,NA,FALSE,0,0,NA,NA,NA,NA,NA,NA,NA,NA,NA
"BWA","Okavango (%)",1990,NA,FALSE,0,0,NA,NA,NA,NA,NA,NA,NA,NA,NA
"BWA","Okavango (%)",1991,NA,FALSE,0,0,NA,NA,NA,NA,NA,NA,NA,NA,NA
"BWA","Okavango (%)",1992,NA,FALSE,0,0,NA,NA,NA,NA,NA,NA,NA,NA,NA
"BWA","Okavango (%)",1993,NA,FALSE,0,0,NA,NA,NA,NA,NA,NA,NA,NA,NA
"BWA","Okavango (%)",1994,NA,FALSE,0,0,NA,NA,NA,NA,NA,NA,NA,NA,NA
"BWA","Okavango (%)",1995,NA,FALSE,0,0,NA,NA,NA,NA,NA,NA,NA,NA,NA
"BWA","Okavango (%)",1996,NA,FALSE,0,0,NA,NA,NA,NA,NA,NA,NA,NA,NA
"BWA","Okavango (%)",1997,NA,FALSE,0,0,NA,NA,NA,NA,NA,NA,NA,NA,NA
"BWA","Okavango (%)",1998,NA,FALSE,0,0,NA,NA,NA,NA,NA,NA,NA,NA,NA
"BWA","Okavango (%)",1999,NA,FALSE,0,0,NA,NA,NA,NA,NA,NA,NA,NA,NA
"BWA","Selebi-Pikwe (%)",1985,NA,FALSE,0,0,NA,NA,NA,NA,NA,NA,NA,NA,NA
"BWA","Selebi-Pikwe (%)",1986,NA,FALSE,0,0,NA,NA,NA,NA,NA,NA,NA,NA,NA
"BWA","Selebi-Pikwe (%)",1987,NA,FALSE,0,0,NA,NA,NA,NA,NA,NA,NA,NA,NA
"BWA","Selebi-Pikwe (%)",1988,NA,FALSE,0,0,NA,NA,NA,NA,NA,NA,NA,NA,NA
"BWA","Selebi-Pikwe (%)",1989,NA,FALSE,0,0,NA,NA,NA,NA,NA,NA,NA,NA,NA
"BWA","Selebi-Pikwe (%)",1990,NA,FALSE,0,0,NA,NA,NA,NA,NA,NA,NA,NA,NA
"BWA","Selebi-Pikwe (%)",1991,NA,FALSE,0,0,NA,NA,NA,NA,NA,NA,NA,NA,NA
"BWA","Selebi-Pikwe (%)",1992,NA,FALSE,0,0,NA,NA,NA,NA,NA,NA,NA,NA,NA
"BWA","Selebi-Pikwe (%)",1993,NA,FALSE,0,0,NA,NA,NA,NA,NA,NA,NA,NA,NA
"BWA","Selebi-Pikwe (%)",1994,0.27,FALSE,0,0,NA,NA,NA,NA,NA,NA,NA,NA,NA
"BWA","Selebi-Pikwe (%)",1995,NA,FALSE,0,0,NA,NA,NA,NA,NA,NA,NA,NA,NA
"BWA","Selebi-Pikwe (%)",1996,0.378,FALSE,0,0,NA,NA,NA,NA,NA,NA,NA,NA,NA
"BWA","Selebi-Pikwe (%)",1997,NA,FALSE,0,0,NA,NA,NA,NA,NA,NA,NA,NA,NA
"BWA","Selebi-Pikwe (%)",1998,0.499,FALSE,0,0,NA,NA,NA,NA,NA,NA,NA,NA,NA
"BWA","Selebi-Pikwe (%)",1999,NA,FALSE,0,0,NA,NA,NA,NA,NA,NA,NA,NA,NA
"BWA","Serowe Palapye (%)",1985,NA,FALSE,0,0,NA,NA,NA,NA,NA,NA,NA,NA,NA
"BWA","Serowe Palapye (%)",1986,NA,FALSE,0,0,NA,NA,NA,NA,NA,NA,NA,NA,NA
"BWA","Serowe Palapye (%)",1987,NA,FALSE,0,0,NA,NA,NA,NA,NA,NA,NA,NA,NA
"BWA","Serowe Palapye (%)",1988,NA,FALSE,0,0,NA,NA,NA,NA,NA,NA,NA,NA,NA
"BWA","Serowe Palapye (%)",1989,NA,FALSE,0,0,NA,NA,NA,NA,NA,NA,NA,NA,NA
"BWA","Serowe Palapye (%)",1990,NA,FALSE,0,0,NA,NA,NA,NA,NA,NA,NA,NA,NA
"BWA","Serowe Palapye (%)",1991,NA,FALSE,0,0,NA,NA,NA,NA,NA,NA,NA,NA,NA
"BWA","Serowe Palapye (%)",1992,NA,FALSE,0,0,NA,NA,NA,NA,NA,NA,NA,NA,NA
"BWA","Serowe Palapye (%)",1993,0.199,FALSE,0,0,NA,NA,NA,NA,NA,NA,NA,NA,NA
"BWA","Serowe Palapye (%)",1994,NA,FALSE,0,0,NA,NA,NA,NA,NA,NA,NA,NA,NA
"BWA","Serowe Palapye (%)",1995,0.299,FALSE,0,0,NA,NA,NA,NA,NA,NA,NA,NA,NA
"BWA","Serowe Palapye (%)",1996,NA,FALSE,0,0,NA,NA,NA,NA,NA,NA,NA,NA,NA
"BWA","Serowe Palapye (%)",1997,0.344,FALSE,0,0,NA,NA,NA,NA,NA,NA,NA,NA,NA
"BWA","Serowe Palapye (%)",1998,NA,FALSE,0,0,NA,NA,NA,NA,NA,NA,NA,NA,NA
"BWA","Serowe Palapye (%)",1999,0.418,FALSE,0,0,NA,NA,NA,NA,NA,NA,NA,NA,NA
"BWA","South East (%)",1985,NA,FALSE,0,0,NA,NA,NA,NA,NA,NA,NA,NA,NA
"BWA","South East (%)",1986,NA,FALSE,0,0,NA,NA,NA,NA,NA,NA,NA,NA,NA
"BWA","South East (%)",1987,NA,FALSE,0,0,NA,NA,NA,NA,NA,NA,NA,NA,NA
"BWA","South East (%)",1988,NA,FALSE,0,0,NA,NA,NA,NA,NA,NA,NA,NA,NA
"BWA","South East (%)",1989,NA,FALSE,0,0,NA,NA,NA,NA,NA,NA,NA,NA,NA
"BWA","South East (%)",1990,NA,FALSE,0,0,NA,NA,NA,NA,NA,NA,NA,NA,NA
"BWA","South East (%)",1991,NA,FALSE,0,0,NA,NA,NA,NA,NA,NA,NA,NA,NA
"BWA","South East (%)",1992,NA,FALSE,0,0,NA,NA,NA,NA,NA,NA,NA,NA,NA
"BWA","South East (%)",1993,NA,FALSE,0,0,NA,NA,NA,NA,NA,NA,NA,NA,NA
"BWA","South East (%)",1994,NA,FALSE,0,0,NA,NA,NA,NA,NA,NA,NA,NA,NA
"BWA","South East (%)",1995,NA,FALSE,0,0,NA,NA,NA,NA,NA,NA,NA,NA,NA
"BWA","South East (%)",1996,NA,FALSE,0,0,NA,NA,NA,NA,NA,NA,NA,NA,NA
"BWA","South East (%)",1997,NA,FALSE,0,0,NA,NA,NA,NA,NA,NA,NA,NA,NA
"BWA","South East (%)",1998,NA,FALSE,0,0,NA,NA,NA,NA,NA,NA,NA,NA,NA
"BWA","South East (%)",1999,NA,FALSE,0,0,NA,NA,NA,NA,NA,NA,NA,NA,NA
"BWA","Southern (%)",1985,NA,FALSE,0,0,NA,NA,NA,NA,NA,NA,NA,NA,NA
"BWA","Southern (%)",1986,NA,FALSE,0,0,NA,NA,NA,NA,NA,NA,NA,NA,NA
"BWA","Southern (%)",1987,NA,FALSE,0,0,NA,NA,NA,NA,NA,NA,NA,NA,NA
"BWA","Southern (%)",1988,NA,FALSE,0,0,NA,NA,NA,NA,NA,NA,NA,NA,NA
"BWA","Southern (%)",1989,NA,FALSE,0,0,NA,NA,NA,NA,NA,NA,NA,NA,NA
"BWA","Southern (%)",1990,NA,FALSE,0,0,NA,NA,NA,NA,NA,NA,NA,NA,NA
"BWA","Southern (%)",1991,NA,FALSE,0,0,NA,NA,NA,NA,NA,NA,NA,NA,NA
"BWA","Southern (%)",1992,NA,FALSE,0,0,NA,NA,NA,NA,NA,NA,NA,NA,NA
"BWA","Southern (%)",1993,NA,FALSE,0,0,NA,NA,NA,NA,NA,NA,NA,NA,NA
"BWA","Southern (%)",1994,0.16,FALSE,0,0,NA,NA,NA,NA,NA,NA,NA,NA,NA
"BWA","Southern (%)",1995,NA,FALSE,0,0,NA,NA,NA,NA,NA,NA,NA,NA,NA
"BWA","Southern (%)",1996,0.217,FALSE,0,0,NA,NA,NA,NA,NA,NA,NA,NA,NA
"BWA","Southern (%)",1997,NA,FALSE,0,0,NA,NA,NA,NA,NA,NA,NA,NA,NA
"BWA","Southern (%)",1998,0.247,FALSE,0,0,NA,NA,NA,NA,NA,NA,NA,NA,NA
"BWA","Southern (%)",1999,NA,FALSE,0,0,NA,NA,NA,NA,NA,NA,NA,NA,NA
"BWA","Tutume (%)",1985,NA,FALSE,0,0,NA,NA,NA,NA,NA,NA,NA,NA,NA
"BWA","Tutume (%)",1986,NA,FALSE,0,0,NA,NA,NA,NA,NA,NA,NA,NA,NA
"BWA","Tutume (%)",1987,NA,FALSE,0,0,NA,NA,NA,NA,NA,NA,NA,NA,NA
"BWA","Tutume (%)",1988,NA,FALSE,0,0,NA,NA,NA,NA,NA,NA,NA,NA,NA
"BWA","Tutume (%)",1989,NA,FALSE,0,0,NA,NA,NA,NA,NA,NA,NA,NA,NA
"BWA","Tutume (%)",1990,NA,FALSE,0,0,NA,NA,NA,NA,NA,NA,NA,NA,NA
"BWA","Tutume (%)",1991,NA,FALSE,0,0,NA,NA,NA,NA,NA,NA,NA,NA,NA
"BWA","Tutume (%)",1992,NA,FALSE,0,0,NA,NA,NA,NA,NA,NA,NA,NA,NA
"BWA","Tutume (%)",1993,NA,FALSE,0,0,NA,NA,NA,NA,NA,NA,NA,NA,NA
"BWA","Tutume (%)",1994,0.231,FALSE,0,0,NA,NA,NA,NA,NA,NA,NA,NA,NA
"BWA","Tutume (%)",1995,NA,FALSE,0,0,NA,NA,NA,NA,NA,NA,NA,NA,NA
"BWA","Tutume (%)",1996,0.332,FALSE,0,0,NA,NA,NA,NA,NA,NA,NA,NA,NA
"BWA","Tutume (%)",1997,NA,FALSE,0,0,NA,NA,NA,NA,NA,NA,NA,NA,NA
"BWA","Tutume (%)",1998,0.375,FALSE,0,0,NA,NA,NA,NA,NA,NA,NA,NA,NA
"BWA","Tutume (%)",1999,NA,FALSE,0,0,NA,NA,NA,NA,NA,NA,NA,NA,NA
"BWA","Bobirwa district (%)",2000,NA,FALSE,0,0,0.343507927745641,0.264949921056131,0.248320666604554,0.280789070846941,NA,NA,NA,NA,NA
"BWA","Boteti (%)",2000,NA,FALSE,0,0,0.247307566749917,0.264949921056131,0.248320666604554,0.280789070846941,NA,NA,NA,NA,NA
"BWA","Chobe (%)",2000,NA,FALSE,0,0,0.336898124358884,0.264949921056131,0.248320666604554,0.280789070846941,NA,NA,NA,NA,NA
"BWA","Francistown (%)",2000,0.444,FALSE,0,0,0.365869391967865,0.264949921056131,0.248320666604554,0.280789070846941,NA,NA,NA,NA,NA
"BWA","Gaborone (%)",2000,0.362,FALSE,0,0,0.232150723738811,0.264949921056131,0.248320666604554,0.280789070846941,NA,NA,NA,NA,NA
"BWA","Gantsi (%)",2000,NA,FALSE,0,0,0.199338012595836,0.264949921056131,0.248320666604554,0.280789070846941,NA,NA,NA,NA,NA
"BWA","Goodhope (%)",2000,NA,FALSE,0,0,0.230211621510267,0.264949921056131,0.248320666604554,0.280789070846941,NA,NA,NA,NA,NA
"BWA","Hukuntsi (%)",2000,NA,FALSE,0,0,0.239344377674965,0.264949921056131,0.248320666604554,0.280789070846941,NA,NA,NA,NA,NA
"BWA","Jwaneng (%)",2000,NA,FALSE,0,0,0.257469217733722,0.264949921056131,0.248320666604554,0.280789070846941,NA,NA,NA,NA,NA
"BWA","Kgalagadi (%)",2000,NA,FALSE,0,0,0.22550368144648,0.264949921056131,0.248320666604554,0.280789070846941,NA,NA,NA,NA,NA
"BWA","Kgatleng (%)",2000,NA,FALSE,0,0,0.195146505627938,0.264949921056131,0.248320666604554,0.280789070846941,NA,NA,NA,NA,NA
"BWA","Kweneng East (%)",2000,0.304,FALSE,0,0,0.226408467571979,0.264949921056131,0.248320666604554,0.280789070846941,NA,NA,NA,NA,NA
"BWA","Kweneng West (%)",2000,NA,FALSE,0,0,0.237471727601344,0.264949921056131,0.248320666604554,0.280789070846941,NA,NA,NA,NA,NA
"BWA","Lobatse (%)",2000,NA,FALSE,0,0,0.229606610106955,0.264949921056131,0.248320666604554,0.280789070846941,NA,NA,NA,NA,NA
"BWA","Mabutsane (%)",2000,NA,FALSE,0,0,0.275535613298416,0.264949921056131,0.248320666604554,0.280789070846941,NA,NA,NA,NA,NA
"BWA","Mahalapye (%)",2000,NA,FALSE,0,0,0.251809297188259,0.264949921056131,0.248320666604554,0.280789070846941,NA,NA,NA,NA,NA
"BWA","Ngami (%)",2000,NA,FALSE,0,0,0.265255050461625,0.264949921056131,0.248320666604554,0.280789070846941,NA,NA,NA,NA,NA
"BWA","North East (%)",2000,NA,FALSE,0,0,0.367663291988722,0.264949921056131,0.248320666604554,0.280789070846941,NA,NA,NA,NA,NA
"BWA","Okavango (%)",2000,NA,FALSE,0,0,0.244592418974183,0.264949921056131,0.248320666604554,0.280789070846941,NA,NA,NA,NA,NA
"BWA","Selebi-Pikwe (%)",2000,0.503,FALSE,0,0,0.364646596286973,0.264949921056131,0.248320666604554,0.280789070846941,NA,NA,NA,NA,NA
"BWA","Serowe Palapye (%)",2000,NA,FALSE,0,0,0.290672016237377,0.264949921056131,0.248320666604554,0.280789070846941,NA,NA,NA,NA,NA
"BWA","South East (%)",2000,NA,FALSE,0,0,0.230710151245005,0.264949921056131,0.248320666604554,0.280789070846941,NA,NA,NA,NA,NA
"BWA","Southern (%)",2000,0.407,FALSE,0,0,0.251138826005379,0.264949921056131,0.248320666604554,0.280789070846941,NA,NA,NA,NA,NA
"BWA","Tutume (%)",2000,0.354,FALSE,0,0,0.326088015412204,0.264949921056131,0.248320666604554,0.280789070846941,NA,NA,NA,NA,NA
"BWA","Bobirwa district (%)",2001,0.443,FALSE,0,0,0.349023068629375,0.266617408317107,0.251814856042985,0.280743040589377,NA,NA,NA,NA,NA
"BWA","Boteti (%)",2001,0.367,FALSE,0,0,0.258032390062509,0.266617408317107,0.251814856042985,0.280743040589377,NA,NA,NA,NA,NA
"BWA","Chobe (%)",2001,0.383,FALSE,0,0,0.361272667221514,0.266617408317107,0.251814856042985,0.280743040589377,NA,NA,NA,NA,NA
"BWA","Francistown (%)",2001,0.496,FALSE,0,0,0.377405897627291,0.266617408317107,0.251814856042985,0.280743040589377,NA,NA,NA,NA,NA
"BWA","Gaborone (%)",2001,0.386,FALSE,0,0,0.226758435694781,0.266617408317107,0.251814856042985,0.280743040589377,NA,NA,NA,NA,NA
"BWA","Gantsi (%)",2001,0.218,FALSE,0,0,0.198273643058634,0.266617408317107,0.251814856042985,0.280743040589377,NA,NA,NA,NA,NA
"BWA","Goodhope (%)",2001,0.331,FALSE,0,0,0.22328731904414,0.266617408317107,0.251814856042985,0.280743040589377,NA,NA,NA,NA,NA
"BWA","Hukuntsi (%)",2001,0.233,FALSE,0,0,0.231646853046569,0.266617408317107,0.251814856042985,0.280743040589377,NA,NA,NA,NA,NA
"BWA","Jwaneng (%)",2001,NA,FALSE,0,0,0.236821105114909,0.266617408317107,0.251814856042985,0.280743040589377,NA,NA,NA,NA,NA
"BWA","Kgalagadi (%)",2001,0.285,FALSE,0,0,0.217341676191799,0.266617408317107,0.251814856042985,0.280743040589377,NA,NA,NA,NA,NA
"BWA","Kgatleng (%)",2001,0.249,FALSE,0,0,0.192414935999051,0.266617408317107,0.251814856042985,0.280743040589377,NA,NA,NA,NA,NA
"BWA","Kweneng East (%)",2001,0.296,FALSE,0,0,0.22016198988458,0.266617408317107,0.251814856042985,0.280743040589377,NA,NA,NA,NA,NA
"BWA","Kweneng West (%)",2001,0.253,FALSE,0,0,0.224665778506985,0.266617408317107,0.251814856042985,0.280743040589377,NA,NA,NA,NA,NA
"BWA","Lobatse (%)",2001,0.306,FALSE,0,0,0.219615468878837,0.266617408317107,0.251814856042985,0.280743040589377,NA,NA,NA,NA,NA
"BWA","Mabutsane (%)",2001,NA,FALSE,0,0,0.259793013334274,0.266617408317107,0.251814856042985,0.280743040589377,NA,NA,NA,NA,NA
"BWA","Mahalapye (%)",2001,0.319,FALSE,0,0,0.256302795569092,0.266617408317107,0.251814856042985,0.280743040589377,NA,NA,NA,NA,NA
"BWA","Ngami (%)",2001,0.358,FALSE,0,0,0.278176093167358,0.266617408317107,0.251814856042985,0.280743040589377,NA,NA,NA,NA,NA
"BWA","North East (%)",2001,0.4,FALSE,0,0,0.379910802417192,0.266617408317107,0.251814856042985,0.280743040589377,NA,NA,NA,NA,NA
"BWA","Okavango (%)",2001,0.406,FALSE,0,0,0.258413196130749,0.266617408317107,0.251814856042985,0.280743040589377,NA,NA,NA,NA,NA
"BWA","Selebi-Pikwe (%)",2001,0.5,FALSE,0,0,0.372461085505905,0.266617408317107,0.251814856042985,0.280743040589377,NA,NA,NA,NA,NA
"BWA","Serowe Palapye (%)",2001,0.446,FALSE,0,0,0.298217183992718,0.266617408317107,0.251814856042985,0.280743040589377,NA,NA,NA,NA,NA
"BWA","South East (%)",2001,0.321,FALSE,0,0,0.220838654759842,0.266617408317107,0.251814856042985,0.280743040589377,NA,NA,NA,NA,NA
"BWA","Southern (%)",2001,0.34,FALSE,0,0,0.23462609202005,0.266617408317107,0.251814856042985,0.280743040589377,NA,NA,NA,NA,NA
"BWA","Tutume (%)",2001,0.511,FALSE,0,0,0.345624465237224,0.266617408317107,0.251814856042985,0.280743040589377,NA,NA,NA,NA,NA
"BWA","Bobirwa district (%)",2002,0.453,FALSE,0,0,0.335162340875513,0.261069641465754,0.246399400545432,0.27451572649541,NA,NA,NA,NA,NA
"BWA","Boteti (%)",2002,0.356,FALSE,0,0,0.25117365346732,0.261069641465754,0.246399400545432,0.27451572649541,NA,NA,NA,NA,NA
"BWA","Chobe (%)",2002,0.429,FALSE,0,0,0.356982144148589,0.261069641465754,0.246399400545432,0.27451572649541,NA,NA,NA,NA,NA
"BWA","Francistown (%)",2002,0.402,FALSE,0,0,0.347684785373588,0.261069641465754,0.246399400545432,0.27451572649541,NA,NA,NA,NA,NA
"BWA","Gaborone (%)",2002,0.382,FALSE,0,0,0.232323351467003,0.261069641465754,0.246399400545432,0.27451572649541,NA,NA,NA,NA,NA
"BWA","Gantsi (%)",2002,0.188,FALSE,0,0,0.199931630181215,0.261069641465754,0.246399400545432,0.27451572649541,NA,NA,NA,NA,NA
"BWA","Goodhope (%)",2002,0.263,FALSE,0,0,0.221276485948894,0.261069641465754,0.246399400545432,0.27451572649541,NA,NA,NA,NA,NA
"BWA","Hukuntsi (%)",2002,0.4,FALSE,0,0,0.236726347659272,0.261069641465754,0.246399400545432,0.27451572649541,NA,NA,NA,NA,NA
"BWA","Jwaneng (%)",2002,NA,FALSE,0,0,0.228899011773831,0.261069641465754,0.246399400545432,0.27451572649541,NA,NA,NA,NA,NA
"BWA","Kgalagadi (%)",2002,0.283,FALSE,0,0,0.221584877536612,0.261069641465754,0.246399400545432,0.27451572649541,NA,NA,NA,NA,NA
"BWA","Kgatleng (%)",2002,0.309,FALSE,0,0,0.201550819192669,0.261069641465754,0.246399400545432,0.27451572649541,NA,NA,NA,NA,NA
"BWA","Kweneng East (%)",2002,0.292,FALSE,0,0,0.224280888250395,0.261069641465754,0.246399400545432,0.27451572649541,NA,NA,NA,NA,NA
"BWA","Kweneng West (%)",2002,0.287,FALSE,0,0,0.224624646044085,0.261069641465754,0.246399400545432,0.27451572649541,NA,NA,NA,NA,NA
"BWA","Lobatse (%)",2002,0.346,FALSE,0,0,0.22066994114544,0.261069641465754,0.246399400545432,0.27451572649541,NA,NA,NA,NA,NA
"BWA","Mabutsane (%)",2002,NA,FALSE,0,0,0.254624217748642,0.261069641465754,0.246399400545432,0.27451572649541,NA,NA,NA,NA,NA
"BWA","Mahalapye (%)",2002,0.398,FALSE,0,0,0.266088166831613,0.261069641465754,0.246399400545432,0.27451572649541,NA,NA,NA,NA,NA
"BWA","Ngami (%)",2002,0.407,FALSE,0,0,0.279390856396309,0.261069641465754,0.246399400545432,0.27451572649541,NA,NA,NA,NA,NA
"BWA","North East (%)",2002,0.424,FALSE,0,0,0.348732221939078,0.261069641465754,0.246399400545432,0.27451572649541,NA,NA,NA,NA,NA
"BWA","Okavango (%)",2002,0.342,FALSE,0,0,0.262990264485355,0.261069641465754,0.246399400545432,0.27451572649541,NA,NA,NA,NA,NA
"BWA","Selebi-Pikwe (%)",2002,0.481,FALSE,0,0,0.359816959418568,0.261069641465754,0.246399400545432,0.27451572649541,NA,NA,NA,NA,NA
"BWA","Serowe Palapye (%)",2002,0.367,FALSE,0,0,0.293017921421315,0.261069641465754,0.246399400545432,0.27451572649541,NA,NA,NA,NA,NA
"BWA","South East (%)",2002,0.265,FALSE,0,0,0.221791026375,0.261069641465754,0.246399400545432,0.27451572649541,NA,NA,NA,NA,NA
"BWA","Southern (%)",2002,0.331,FALSE,0,0,0.230778278332778,0.261069641465754,0.246399400545432,0.27451572649541,NA,NA,NA,NA,NA
"BWA","Tutume (%)",2002,0.407,FALSE,0,0,0.322876160667935,0.261069641465754,0.246399400545432,0.27451572649541,NA,NA,NA,NA,NA
"BWA","Bobirwa district (%)",2003,0.493,FALSE,0,0,0.333510246990464,0.267351858009828,0.254100384772767,0.281077429495877,NA,NA,NA,NA,NA
"BWA","Boteti (%)",2003,0.319,FALSE,0,0,0.240086371290722,0.267351858009828,0.254100384772767,0.281077429495877,NA,NA,NA,NA,NA
"BWA","Chobe (%)",2003,0.47,FALSE,0,0,0.345380994836284,0.267351858009828,0.254100384772767,0.281077429495877,NA,NA,NA,NA,NA
"BWA","Francistown (%)",2003,0.458,FALSE,0,0,0.337543252990514,0.267351858009828,0.254100384772767,0.281077429495877,NA,NA,NA,NA,NA
"BWA","Gaborone (%)",2003,0.448,FALSE,0,0,0.233133232619139,0.267351858009828,0.254100384772767,0.281077429495877,NA,NA,NA,NA,NA
"BWA","Gantsi (%)",2003,NA,FALSE,0,0,0.186158500008899,0.267351858009828,0.254100384772767,0.281077429495877,NA,NA,NA,NA,NA
"BWA","Goodhope (%)",2003,0.409,FALSE,0,0,0.225074540773293,0.267351858009828,0.254100384772767,0.281077429495877,NA,NA,NA,NA,NA
"BWA","Hukuntsi (%)",2003,0.284,FALSE,0,0,0.218972989670215,0.267351858009828,0.254100384772767,0.281077429495877,NA,NA,NA,NA,NA
"BWA","Jwaneng (%)",2003,NA,FALSE,0,0,0.218255300302433,0.267351858009828,0.254100384772767,0.281077429495877,NA,NA,NA,NA,NA
"BWA","Kgalagadi (%)",2003,0.289,FALSE,0,0,0.208164049404691,0.267351858009828,0.254100384772767,0.281077429495877,NA,NA,NA,NA,NA
"BWA","Kgatleng (%)",2003,NA,FALSE,0,0,0.207010698928871,0.267351858009828,0.254100384772767,0.281077429495877,NA,NA,NA,NA,NA
"BWA","Kweneng East (%)",2003,0.321,FALSE,0,0,0.225203002526795,0.267351858009828,0.254100384772767,0.281077429495877,NA,NA,NA,NA,NA
"BWA","Kweneng West (%)",2003,0.27,FALSE,0,0,0.218435179528954,0.267351858009828,0.254100384772767,0.281077429495877,NA,NA,NA,NA,NA
"BWA","Lobatse (%)",2003,0.324,FALSE,0,0,0.220673886809248,0.267351858009828,0.254100384772767,0.281077429495877,NA,NA,NA,NA,NA
"BWA","Mabutsane (%)",2003,NA,FALSE,0,0,0.246425315737724,0.267351858009828,0.254100384772767,0.281077429495877,NA,NA,NA,NA,NA
"BWA","Mahalapye (%)",2003,0.374,FALSE,0,0,0.27060234902059,0.267351858009828,0.254100384772767,0.281077429495877,NA,NA,NA,NA,NA
"BWA","Ngami (%)",2003,0.384,FALSE,0,0,0.260926159546043,0.267351858009828,0.254100384772767,0.281077429495877,NA,NA,NA,NA,NA
"BWA","North East (%)",2003,0.404,FALSE,0,0,0.337955382243363,0.267351858009828,0.254100384772767,0.281077429495877,NA,NA,NA,NA,NA
"BWA","Okavango (%)",2003,0.327,FALSE,0,0,0.241385689616527,0.267351858009828,0.254100384772767,0.281077429495877,NA,NA,NA,NA,NA
"BWA","Selebi-Pikwe (%)",2003,0.522,FALSE,0,0,0.360085834300092,0.267351858009828,0.254100384772767,0.281077429495877,NA,NA,NA,NA,NA
"BWA","Serowe Palapye (%)",2003,0.433,FALSE,0,0,0.29347640574543,0.267351858009828,0.254100384772767,0.281077429495877,NA,NA,NA,NA,NA
"BWA","South East (%)",2003,0.279,FALSE,0,0,0.221294766161582,0.267351858009828,0.254100384772767,0.281077429495877,NA,NA,NA,NA,NA
"BWA","Southern (%)",2003,0.257,FALSE,0,0,0.221971589599498,0.267351858009828,0.254100384772767,0.281077429495877,NA,NA,NA,NA,NA
"BWA","Tutume (%)",2003,0.377,FALSE,0,0,0.308604849059614,0.267351858009828,0.254100384772767,0.281077429495877,NA,NA,NA,NA,NA
"BWA","Bobirwa district (%)",2004,NA,FALSE,0,0,0.32392950472612,0.248127905757502,0.238098769797698,0.258335333657286,NA,NA,NA,NA,NA
"BWA","Boteti (%)",2004,NA,FALSE,0,0,0.243818262930629,0.248127905757502,0.238098769797698,0.258335333657286,NA,NA,NA,NA,NA
"BWA","Chobe (%)",2004,NA,FALSE,0,0,0.360883894743019,0.248127905757502,0.238098769797698,0.258335333657286,NA,NA,NA,NA,NA
"BWA","Francistown (%)",2004,NA,FALSE,0,0,0.325296119036178,0.248127905757502,0.238098769797698,0.258335333657286,NA,NA,NA,NA,NA
"BWA","Gaborone (%)",2004,NA,FALSE,0,0,0.223878824949005,0.248127905757502,0.238098769797698,0.258335333657286,NA,NA,NA,NA,NA
"BWA","Gantsi (%)",2004,NA,FALSE,0,0,0.187010532988817,0.248127905757502,0.238098769797698,0.258335333657286,NA,NA,NA,NA,NA
"BWA","Goodhope (%)",2004,NA,FALSE,0,0,0.21674417070071,0.248127905757502,0.238098769797698,0.258335333657286,NA,NA,NA,NA,NA
"BWA","Hukuntsi (%)",2004,NA,FALSE,0,0,0.220435759634378,0.248127905757502,0.238098769797698,0.258335333657286,NA,NA,NA,NA,NA
"BWA","Jwaneng (%)",2004,NA,FALSE,0,0,0.210668364110407,0.248127905757502,0.238098769797698,0.258335333657286,NA,NA,NA,NA,NA
"BWA","Kgalagadi (%)",2004,NA,FALSE,0,0,0.210813752545236,0.248127905757502,0.238098769797698,0.258335333657286,NA,NA,NA,NA,NA
"BWA","Kgatleng (%)",2004,NA,FALSE,0,0,0.202068780108145,0.248127905757502,0.238098769797698,0.258335333657286,NA,NA,NA,NA,NA
"BWA","Kweneng East (%)",2004,NA,FALSE,0,0,0.220985774859102,0.248127905757502,0.238098769797698,0.258335333657286,NA,NA,NA,NA,NA
"BWA","Kweneng West (%)",2004,NA,FALSE,0,0,0.2144580928659,0.248127905757502,0.238098769797698,0.258335333657286,NA,NA,NA,NA,NA
"BWA","Lobatse (%)",2004,NA,FALSE,0,0,0.212302243328589,0.248127905757502,0.238098769797698,0.258335333657286,NA,NA,NA,NA,NA
"BWA","Mabutsane (%)",2004,NA,FALSE,0,0,0.229812577366829,0.248127905757502,0.238098769797698,0.258335333657286,NA,NA,NA,NA,NA
"BWA","Mahalapye (%)",2004,NA,FALSE,0,0,0.270612877484264,0.248127905757502,0.238098769797698,0.258335333657286,NA,NA,NA,NA,NA
"BWA","Ngami (%)",2004,NA,FALSE,0,0,0.260115115783221,0.248127905757502,0.238098769797698,0.258335333657286,NA,NA,NA,NA,NA
"BWA","North East (%)",2004,NA,FALSE,0,0,0.325104397314781,0.248127905757502,0.238098769797698,0.258335333657286,NA,NA,NA,NA,NA
"BWA","Okavango (%)",2004,NA,FALSE,0,0,0.23881164043434,0.248127905757502,0.238098769797698,0.258335333657286,NA,NA,NA,NA,NA
"BWA","Selebi-Pikwe (%)",2004,NA,FALSE,0,0,0.351092710201239,0.248127905757502,0.238098769797698,0.258335333657286,NA,NA,NA,NA,NA
"BWA","Serowe Palapye (%)",2004,NA,FALSE,0,0,0.287838595368604,0.248127905757502,0.238098769797698,0.258335333657286,NA,NA,NA,NA,NA
"BWA","South East (%)",2004,NA,FALSE,0,0,0.213043775900416,0.248127905757502,0.238098769797698,0.258335333657286,NA,NA,NA,NA,NA
"BWA","Southern (%)",2004,NA,FALSE,0,0,0.215251247683091,0.248127905757502,0.238098769797698,0.258335333657286,NA,NA,NA,NA,NA
"BWA","Tutume (%)",2004,NA,FALSE,0,0,0.310376510714101,0.248127905757502,0.238098769797698,0.258335333657286,NA,NA,NA,NA,NA
"BWA","Bobirwa district (%)",2005,0.298,FALSE,0,0,0.310543652511197,0.243630563115151,0.230776686666167,0.256066613955349,NA,NA,NA,NA,NA
"BWA","Boteti (%)",2005,0.354,FALSE,0,0,0.242076424974657,0.243630563115151,0.230776686666167,0.256066613955349,NA,NA,NA,NA,NA
"BWA","Chobe (%)",2005,NA,FALSE,0,0,0.337148623675805,0.243630563115151,0.230776686666167,0.256066613955349,NA,NA,NA,NA,NA
"BWA","Francistown (%)",2005,0.423,FALSE,0,0,0.316377050095557,0.243630563115151,0.230776686666167,0.256066613955349,NA,NA,NA,NA,NA
"BWA","Gaborone (%)",2005,0.344,FALSE,0,0,0.225140463419933,0.243630563115151,0.230776686666167,0.256066613955349,NA,NA,NA,NA,NA
"BWA","Gantsi (%)",2005,0.209,FALSE,0,0,0.185053717268824,0.243630563115151,0.230776686666167,0.256066613955349,NA,NA,NA,NA,NA
"BWA","Goodhope (%)",2005,0.208,FALSE,0,0,0.216645167378833,0.243630563115151,0.230776686666167,0.256066613955349,NA,NA,NA,NA,NA
"BWA","Hukuntsi (%)",2005,0.294,FALSE,0,0,0.215024548804844,0.243630563115151,0.230776686666167,0.256066613955349,NA,NA,NA,NA,NA
"BWA","Jwaneng (%)",2005,0.349,FALSE,0,0,0.205647102435563,0.243630563115151,0.230776686666167,0.256066613955349,NA,NA,NA,NA,NA
"BWA","Kgalagadi (%)",2005,0.262,FALSE,0,0,0.206672471238109,0.243630563115151,0.230776686666167,0.256066613955349,NA,NA,NA,NA,NA
"BWA","Kgatleng (%)",2005,0.301,FALSE,0,0,0.205284305974361,0.243630563115151,0.230776686666167,0.256066613955349,NA,NA,NA,NA,NA
"BWA","Kweneng East (%)",2005,0.315,FALSE,0,0,0.222745256998595,0.243630563115151,0.230776686666167,0.256066613955349,NA,NA,NA,NA,NA
"BWA","Kweneng West (%)",2005,0.27,FALSE,0,0,0.213485166082598,0.243630563115151,0.230776686666167,0.256066613955349,NA,NA,NA,NA,NA
"BWA","Lobatse (%)",2005,0.29,FALSE,0,0,0.214249443839983,0.243630563115151,0.230776686666167,0.256066613955349,NA,NA,NA,NA,NA
"BWA","Mabutsane (%)",2005,NA,FALSE,0,0,0.22326086461544,0.243630563115151,0.230776686666167,0.256066613955349,NA,NA,NA,NA,NA
"BWA","Mahalapye (%)",2005,0.362,FALSE,0,0,0.269284685343588,0.243630563115151,0.230776686666167,0.256066613955349,NA,NA,NA,NA,NA
"BWA","Ngami (%)",2005,0.273,FALSE,0,0,0.247343717301578,0.243630563115151,0.230776686666167,0.256066613955349,NA,NA,NA,NA,NA
"BWA","North East (%)",2005,0.349,FALSE,0,0,0.317748400039266,0.243630563115151,0.230776686666167,0.256066613955349,NA,NA,NA,NA,NA
"BWA","Okavango (%)",2005,0.292,FALSE,0,0,0.229803115027077,0.243630563115151,0.230776686666167,0.256066613955349,NA,NA,NA,NA,NA
"BWA","Selebi-Pikwe (%)",2005,0.465,FALSE,0,0,0.334020903089058,0.243630563115151,0.230776686666167,0.256066613955349,NA,NA,NA,NA,NA
"BWA","Serowe Palapye (%)",2005,0.375,FALSE,0,0,0.284135515395851,0.243630563115151,0.230776686666167,0.256066613955349,NA,NA,NA,NA,NA
"BWA","South East (%)",2005,0.321,FALSE,0,0,0.214678293858341,0.243630563115151,0.230776686666167,0.256066613955349,NA,NA,NA,NA,NA
"BWA","Southern (%)",2005,0.282,FALSE,0,0,0.211079042190587,0.243630563115151,0.230776686666167,0.256066613955349,NA,NA,NA,NA,NA
"BWA","Tutume (%)",2005,0.413,FALSE,0,0,0.306196027565455,0.243630563115151,0.230776686666167,0.256066613955349,NA,NA,NA,NA,NA
"BWA","Bobirwa district (%)",2006,0.376,FALSE,0,0,0.30701260495387,0.233687719954845,0.220206478533885,0.246429282673567,NA,NA,NA,NA,NA
"BWA","Boteti (%)",2006,0.29,FALSE,0,0,0.243902383665382,0.233687719954845,0.220206478533885,0.246429282673567,NA,NA,NA,NA,NA
"BWA","Chobe (%)",2006,0.42,FALSE,0,0,0.341647381291667,0.233687719954845,0.220206478533885,0.246429282673567,NA,NA,NA,NA,NA
"BWA","Francistown (%)",2006,0.367,FALSE,0,0,0.313766594454879,0.233687719954845,0.220206478533885,0.246429282673567,NA,NA,NA,NA,NA
"BWA","Gaborone (%)",2006,0.353,FALSE,0,0,0.218640735578949,0.233687719954845,0.220206478533885,0.246429282673567,NA,NA,NA,NA,NA
"BWA","Gantsi (%)",2006,0.27,FALSE,0,0,0.191691537148174,0.233687719954845,0.220206478533885,0.246429282673567,NA,NA,NA,NA,NA
"BWA","Goodhope (%)",2006,0.23,FALSE,0,0,0.208333511578571,0.233687719954845,0.220206478533885,0.246429282673567,NA,NA,NA,NA,NA
"BWA","Hukuntsi (%)",2006,0.294,FALSE,0,0,0.2140299612153,0.233687719954845,0.220206478533885,0.246429282673567,NA,NA,NA,NA,NA
"BWA","Jwaneng (%)",2006,0.2,FALSE,0,0,0.195045241985418,0.233687719954845,0.220206478533885,0.246429282673567,NA,NA,NA,NA,NA
"BWA","Kgalagadi (%)",2006,0.191,FALSE,0,0,0.204415454668977,0.233687719954845,0.220206478533885,0.246429282673567,NA,NA,NA,NA,NA
"BWA","Kgatleng (%)",2006,0.243,FALSE,0,0,0.201974198277388,0.233687719954845,0.220206478533885,0.246429282673567,NA,NA,NA,NA,NA
"BWA","Kweneng East (%)",2006,0.317,FALSE,0,0,0.216624753715556,0.233687719954845,0.220206478533885,0.246429282673567,NA,NA,NA,NA,NA
"BWA","Kweneng West (%)",2006,0.281,FALSE,0,0,0.207730464275639,0.233687719954845,0.220206478533885,0.246429282673567,NA,NA,NA,NA,NA
"BWA","Lobatse (%)",2006,0.284,FALSE,0,0,0.205300900061235,0.233687719954845,0.220206478533885,0.246429282673567,NA,NA,NA,NA,NA
"BWA","Mabutsane (%)",2006,0.264,FALSE,0,0,0.211723908782005,0.233687719954845,0.220206478533885,0.246429282673567,NA,NA,NA,NA,NA
"BWA","Mahalapye (%)",2006,0.299,FALSE,0,0,0.262605109931834,0.233687719954845,0.220206478533885,0.246429282673567,NA,NA,NA,NA,NA
"BWA","Ngami (%)",2006,0.354,FALSE,0,0,0.265190816385733,0.233687719954845,0.220206478533885,0.246429282673567,NA,NA,NA,NA,NA
"BWA","North East (%)",2006,0.354,FALSE,0,0,0.315996085685344,0.233687719954845,0.220206478533885,0.246429282673567,NA,NA,NA,NA,NA
"BWA","Okavango (%)",2006,0.291,FALSE,0,0,0.244748476374755,0.233687719954845,0.220206478533885,0.246429282673567,NA,NA,NA,NA,NA
"BWA","Selebi-Pikwe (%)",2006,0.411,FALSE,0,0,0.327744515096585,0.233687719954845,0.220206478533885,0.246429282673567,NA,NA,NA,NA,NA
"BWA","Serowe Palapye (%)",2006,0.368,FALSE,0,0,0.280582722994653,0.233687719954845,0.220206478533885,0.246429282673567,NA,NA,NA,NA,NA
"BWA","South East (%)",2006,0.276,FALSE,0,0,0.205840959792175,0.233687719954845,0.220206478533885,0.246429282673567,NA,NA,NA,NA,NA
"BWA","Southern (%)",2006,0.25,FALSE,0,0,0.202227435964812,0.233687719954845,0.220206478533885,0.246429282673567,NA,NA,NA,NA,NA
"BWA","Tutume (%)",2006,0.399,FALSE,0,0,0.308616854010689,0.233687719954845,0.220206478533885,0.246429282673567,NA,NA,NA,NA,NA
"BWA","Bobirwa district (%)",2007,0.429,FALSE,0,0,0.304355067368265,0.23987744838885,0.227041146501912,0.252276158368441,NA,NA,NA,NA,NA
"BWA","Boteti (%)",2007,0.337,FALSE,0,0,0.247696480731421,0.23987744838885,0.227041146501912,0.252276158368441,NA,NA,NA,NA,NA
"BWA","Chobe (%)",2007,0.456,FALSE,0,0,0.335563602903776,0.23987744838885,0.227041146501912,0.252276158368441,NA,NA,NA,NA,NA
"BWA","Francistown (%)",2007,0.379,FALSE,0,0,0.310336081116766,0.23987744838885,0.227041146501912,0.252276158368441,NA,NA,NA,NA,NA
"BWA","Gaborone (%)",2007,0.332,FALSE,0,0,0.210014632746394,0.23987744838885,0.227041146501912,0.252276158368441,NA,NA,NA,NA,NA
"BWA","Gantsi (%)",2007,0.266,FALSE,0,0,0.189606739996072,0.23987744838885,0.227041146501912,0.252276158368441,NA,NA,NA,NA,NA
"BWA","Goodhope (%)",2007,0.265,FALSE,0,0,0.20677451769957,0.23987744838885,0.227041146501912,0.252276158368441,NA,NA,NA,NA,NA
"BWA","Hukuntsi (%)",2007,0.327,FALSE,0,0,0.208263651504791,0.23987744838885,0.227041146501912,0.252276158368441,NA,NA,NA,NA,NA
"BWA","Jwaneng (%)",2007,0.214,FALSE,0,0,0.187187014698724,0.23987744838885,0.227041146501912,0.252276158368441,NA,NA,NA,NA,NA
"BWA","Kgalagadi (%)",2007,0.31,FALSE,0,0,0.200639618808682,0.23987744838885,0.227041146501912,0.252276158368441,NA,NA,NA,NA,NA
"BWA","Kgatleng (%)",2007,0.308,FALSE,0,0,0.196483990677342,0.23987744838885,0.227041146501912,0.252276158368441,NA,NA,NA,NA,NA
"BWA","Kweneng East (%)",2007,0.335,FALSE,0,0,0.21068405473483,0.23987744838885,0.227041146501912,0.252276158368441,NA,NA,NA,NA,NA
"BWA","Kweneng West (%)",2007,0.239,FALSE,0,0,0.202198402759683,0.23987744838885,0.227041146501912,0.252276158368441,NA,NA,NA,NA,NA
"BWA","Lobatse (%)",2007,0.287,FALSE,0,0,0.19880094742736,0.23987744838885,0.227041146501912,0.252276158368441,NA,NA,NA,NA,NA
"BWA","Mabutsane (%)",2007,0.253,FALSE,0,0,0.216747656464577,0.23987744838885,0.227041146501912,0.252276158368441,NA,NA,NA,NA,NA
"BWA","Mahalapye (%)",2007,0.304,FALSE,0,0,0.259583874984628,0.23987744838885,0.227041146501912,0.252276158368441,NA,NA,NA,NA,NA
"BWA","Ngami (%)",2007,0.397,FALSE,0,0,0.269990582428139,0.23987744838885,0.227041146501912,0.252276158368441,NA,NA,NA,NA,NA
"BWA","North East (%)",2007,0.388,FALSE,0,0,0.312418448544074,0.23987744838885,0.227041146501912,0.252276158368441,NA,NA,NA,NA,NA
"BWA","Okavango (%)",2007,0.347,FALSE,0,0,0.245609346515627,0.23987744838885,0.227041146501912,0.252276158368441,NA,NA,NA,NA,NA
"BWA","Selebi-Pikwe (%)",2007,0.49,FALSE,0,0,0.327409013121213,0.23987744838885,0.227041146501912,0.252276158368441,NA,NA,NA,NA,NA
"BWA","Serowe Palapye (%)",2007,0.373,FALSE,0,0,0.279276168701839,0.23987744838885,0.227041146501912,0.252276158368441,NA,NA,NA,NA,NA
"BWA","South East (%)",2007,0.267,FALSE,0,0,0.19941890511395,0.23987744838885,0.227041146501912,0.252276158368441,NA,NA,NA,NA,NA
"BWA","Southern (%)",2007,0.228,FALSE,0,0,0.197408663898928,0.23987744838885,0.227041146501912,0.252276158368441,NA,NA,NA,NA,NA
"BWA","Tutume (%)",2007,0.387,FALSE,0,0,0.307886282763034,0.23987744838885,0.227041146501912,0.252276158368441,NA,NA,NA,NA,NA
"BWA","Bobirwa district (%)",2008,NA,FALSE,0,0,0.300880023787446,0.23997245746279,0.231127226752937,0.249351998265535,NA,NA,NA,NA,NA
"BWA","Boteti (%)",2008,NA,FALSE,0,0,0.247353216090011,0.23997245746279,0.231127226752937,0.249351998265535,NA,NA,NA,NA,NA
"BWA","Chobe (%)",2008,NA,FALSE,0,0,0.318015233789803,0.23997245746279,0.231127226752937,0.249351998265535,NA,NA,NA,NA,NA
"BWA","Francistown (%)",2008,NA,FALSE,0,0,0.30667691523412,0.23997245746279,0.231127226752937,0.249351998265535,NA,NA,NA,NA,NA
"BWA","Gaborone (%)",2008,NA,FALSE,0,0,0.202064022577085,0.23997245746279,0.231127226752937,0.249351998265535,NA,NA,NA,NA,NA
"BWA","Gantsi (%)",2008,NA,FALSE,0,0,0.181282020132947,0.23997245746279,0.231127226752937,0.249351998265535,NA,NA,NA,NA,NA
"BWA","Goodhope (%)",2008,NA,FALSE,0,0,0.209857373711814,0.23997245746279,0.231127226752937,0.249351998265535,NA,NA,NA,NA,NA
"BWA","Hukuntsi (%)",2008,NA,FALSE,0,0,0.202145547576858,0.23997245746279,0.231127226752937,0.249351998265535,NA,NA,NA,NA,NA
"BWA","Jwaneng (%)",2008,NA,FALSE,0,0,0.18763310628412,0.23997245746279,0.231127226752937,0.249351998265535,NA,NA,NA,NA,NA
"BWA","Kgalagadi (%)",2008,NA,FALSE,0,0,0.199042122894503,0.23997245746279,0.231127226752937,0.249351998265535,NA,NA,NA,NA,NA
"BWA","Kgatleng (%)",2008,NA,FALSE,0,0,0.189390824022687,0.23997245746279,0.231127226752937,0.249351998265535,NA,NA,NA,NA,NA
"BWA","Kweneng East (%)",2008,NA,FALSE,0,0,0.204828111180668,0.23997245746279,0.231127226752937,0.249351998265535,NA,NA,NA,NA,NA
"BWA","Kweneng West (%)",2008,NA,FALSE,0,0,0.19922059126478,0.23997245746279,0.231127226752937,0.249351998265535,NA,NA,NA,NA,NA
"BWA","Lobatse (%)",2008,NA,FALSE,0,0,0.198807184453321,0.23997245746279,0.231127226752937,0.249351998265535,NA,NA,NA,NA,NA
"BWA","Mabutsane (%)",2008,NA,FALSE,0,0,0.22612988948822,0.23997245746279,0.231127226752937,0.249351998265535,NA,NA,NA,NA,NA
"BWA","Mahalapye (%)",2008,NA,FALSE,0,0,0.262669615755354,0.23997245746279,0.231127226752937,0.249351998265535,NA,NA,NA,NA,NA
"BWA","Ngami (%)",2008,NA,FALSE,0,0,0.254372384530134,0.23997245746279,0.231127226752937,0.249351998265535,NA,NA,NA,NA,NA
"BWA","North East (%)",2008,NA,FALSE,0,0,0.307439821829389,0.23997245746279,0.231127226752937,0.249351998265535,NA,NA,NA,NA,NA
"BWA","Okavango (%)",2008,NA,FALSE,0,0,0.232706604701966,0.23997245746279,0.231127226752937,0.249351998265535,NA,NA,NA,NA,NA
"BWA","Selebi-Pikwe (%)",2008,NA,FALSE,0,0,0.327567140122925,0.23997245746279,0.231127226752937,0.249351998265535,NA,NA,NA,NA,NA
"BWA","Serowe Palapye (%)",2008,NA,FALSE,0,0,0.28237046014378,0.23997245746279,0.231127226752937,0.249351998265535,NA,NA,NA,NA,NA
"BWA","South East (%)",2008,NA,FALSE,0,0,0.198964932323232,0.23997245746279,0.231127226752937,0.249351998265535,NA,NA,NA,NA,NA
"BWA","Southern (%)",2008,NA,FALSE,0,0,0.198883133342486,0.23997245746279,0.231127226752937,0.249351998265535,NA,NA,NA,NA,NA
"BWA","Tutume (%)",2008,NA,FALSE,0,0,0.302247223804834,0.23997245746279,0.231127226752937,0.249351998265535,NA,NA,NA,NA,NA
"BWA","Bobirwa district (%)",2009,0.466,FALSE,0,0,0.297340850272124,0.23143450859793,0.219181882049428,0.243106996111731,NA,NA,NA,NA,NA
"BWA","Boteti (%)",2009,0.41,FALSE,0,0,0.245108253511794,0.23143450859793,0.219181882049428,0.243106996111731,NA,NA,NA,NA,NA
"BWA","Chobe (%)",2009,0.408,FALSE,0,0,0.308573569098502,0.23143450859793,0.219181882049428,0.243106996111731,NA,NA,NA,NA,NA
"BWA","Francistown (%)",2009,0.381,FALSE,0,0,0.299175619321819,0.23143450859793,0.219181882049428,0.243106996111731,NA,NA,NA,NA,NA
"BWA","Gaborone (%)",2009,0.29,FALSE,0,0,0.197519720464085,0.23143450859793,0.219181882049428,0.243106996111731,NA,NA,NA,NA,NA
"BWA","Gantsi (%)",2009,0.197,FALSE,0,0,0.176178452339993,0.23143450859793,0.219181882049428,0.243106996111731,NA,NA,NA,NA,NA
"BWA","Goodhope (%)",2009,0.278,FALSE,0,0,0.210159885072143,0.23143450859793,0.219181882049428,0.243106996111731,NA,NA,NA,NA,NA
"BWA","Hukuntsi (%)",2009,0.143,FALSE,0,0,0.197274549598543,0.23143450859793,0.219181882049428,0.243106996111731,NA,NA,NA,NA,NA
"BWA","Jwaneng (%)",2009,0.311,FALSE,0,0,0.191165464574262,0.23143450859793,0.219181882049428,0.243106996111731,NA,NA,NA,NA,NA
"BWA","Kgalagadi (%)",2009,0.185,FALSE,0,0,0.195441895055309,0.23143450859793,0.219181882049428,0.243106996111731,NA,NA,NA,NA,NA
"BWA","Kgatleng (%)",2009,0.22,FALSE,0,0,0.188505905603774,0.23143450859793,0.219181882049428,0.243106996111731,NA,NA,NA,NA,NA
"BWA","Kweneng East (%)",2009,0.279,FALSE,0,0,0.203903299425144,0.23143450859793,0.219181882049428,0.243106996111731,NA,NA,NA,NA,NA
"BWA","Kweneng West (%)",2009,0.288,FALSE,0,0,0.200437126479339,0.23143450859793,0.219181882049428,0.243106996111731,NA,NA,NA,NA,NA
"BWA","Lobatse (%)",2009,0.324,FALSE,0,0,0.197543726755968,0.23143450859793,0.219181882049428,0.243106996111731,NA,NA,NA,NA,NA
"BWA","Mabutsane (%)",2009,0.292,FALSE,0,0,0.22430182993412,0.23143450859793,0.219181882049428,0.243106996111731,NA,NA,NA,NA,NA
"BWA","Mahalapye (%)",2009,0.378,FALSE,0,0,0.264603069505947,0.23143450859793,0.219181882049428,0.243106996111731,NA,NA,NA,NA,NA
"BWA","Ngami (%)",2009,0.303,FALSE,0,0,0.238049177101282,0.23143450859793,0.219181882049428,0.243106996111731,NA,NA,NA,NA,NA
"BWA","North East (%)",2009,0.365,FALSE,0,0,0.299819347676346,0.23143450859793,0.219181882049428,0.243106996111731,NA,NA,NA,NA,NA
"BWA","Okavango (%)",2009,0.333,FALSE,0,0,0.225659002573864,0.23143450859793,0.219181882049428,0.243106996111731,NA,NA,NA,NA,NA
"BWA","Selebi-Pikwe (%)",2009,0.391,FALSE,0,0,0.321255479171351,0.23143450859793,0.219181882049428,0.243106996111731,NA,NA,NA,NA,NA
"BWA","Serowe Palapye (%)",2009,0.336,FALSE,0,0,0.278260674936355,0.23143450859793,0.219181882049428,0.243106996111731,NA,NA,NA,NA,NA
"BWA","South East (%)",2009,0.288,FALSE,0,0,0.197955098579785,0.23143450859793,0.219181882049428,0.243106996111731,NA,NA,NA,NA,NA
"BWA","Southern (%)",2009,0.283,FALSE,0,0,0.200027339117948,0.23143450859793,0.219181882049428,0.243106996111731,NA,NA,NA,NA,NA
"BWA","Tutume (%)",2009,0.363,FALSE,0,0,0.293836406037693,0.23143450859793,0.219181882049428,0.243106996111731,NA,NA,NA,NA,NA
"BWA","Bobirwa district (%)",2010,NA,FALSE,0,0,0.299730390309296,0.22998178776988,0.214132383891863,0.245169599490868,NA,NA,NA,NA,NA
"BWA","Boteti (%)",2010,NA,FALSE,0,0,0.233824647047144,0.22998178776988,0.214132383891863,0.245169599490868,NA,NA,NA,NA,NA
"BWA","Chobe (%)",2010,NA,FALSE,0,0,0.304606092734641,0.22998178776988,0.214132383891863,0.245169599490868,NA,NA,NA,NA,NA
"BWA","Francistown (%)",2010,NA,FALSE,0,0,0.3030262481026,0.22998178776988,0.214132383891863,0.245169599490868,NA,NA,NA,NA,NA
"BWA","Gaborone (%)",2010,NA,FALSE,0,0,0.19507599755774,0.22998178776988,0.214132383891863,0.245169599490868,NA,NA,NA,NA,NA
"BWA","Gantsi (%)",2010,NA,FALSE,0,0,0.173407776244753,0.22998178776988,0.214132383891863,0.245169599490868,NA,NA,NA,NA,NA
"BWA","Goodhope (%)",2010,NA,FALSE,0,0,0.206303193118692,0.22998178776988,0.214132383891863,0.245169599490868,NA,NA,NA,NA,NA
"BWA","Hukuntsi (%)",2010,NA,FALSE,0,0,0.2046285619485,0.22998178776988,0.214132383891863,0.245169599490868,NA,NA,NA,NA,NA
"BWA","Jwaneng (%)",2010,NA,FALSE,0,0,0.184526793032282,0.22998178776988,0.214132383891863,0.245169599490868,NA,NA,NA,NA,NA
"BWA","Kgalagadi (%)",2010,NA,FALSE,0,0,0.201163655358568,0.22998178776988,0.214132383891863,0.245169599490868,NA,NA,NA,NA,NA
"BWA","Kgatleng (%)",2010,NA,FALSE,0,0,0.189383217336888,0.22998178776988,0.214132383891863,0.245169599490868,NA,NA,NA,NA,NA
"BWA","Kweneng East (%)",2010,NA,FALSE,0,0,0.203410545750789,0.22998178776988,0.214132383891863,0.245169599490868,NA,NA,NA,NA,NA
"BWA","Kweneng West (%)",2010,NA,FALSE,0,0,0.199191210215728,0.22998178776988,0.214132383891863,0.245169599490868,NA,NA,NA,NA,NA
"BWA","Lobatse (%)",2010,NA,FALSE,0,0,0.191260210405285,0.22998178776988,0.214132383891863,0.245169599490868,NA,NA,NA,NA,NA
"BWA","Mabutsane (%)",2010,NA,FALSE,0,0,0.231006488204002,0.22998178776988,0.214132383891863,0.245169599490868,NA,NA,NA,NA,NA
"BWA","Mahalapye (%)",2010,NA,FALSE,0,0,0.264408714979919,0.22998178776988,0.214132383891863,0.245169599490868,NA,NA,NA,NA,NA
"BWA","Ngami (%)",2010,NA,FALSE,0,0,0.223722710966473,0.22998178776988,0.214132383891863,0.245169599490868,NA,NA,NA,NA,NA
"BWA","North East (%)",2010,NA,FALSE,0,0,0.30511227460241,0.22998178776988,0.214132383891863,0.245169599490868,NA,NA,NA,NA,NA
"BWA","Okavango (%)",2010,NA,FALSE,0,0,0.215437531964283,0.22998178776988,0.214132383891863,0.245169599490868,NA,NA,NA,NA,NA
"BWA","Selebi-Pikwe (%)",2010,NA,FALSE,0,0,0.319747184726992,0.22998178776988,0.214132383891863,0.245169599490868,NA,NA,NA,NA,NA
"BWA","Serowe Palapye (%)",2010,NA,FALSE,0,0,0.276411589846988,0.22998178776988,0.214132383891863,0.245169599490868,NA,NA,NA,NA,NA
"BWA","South East (%)",2010,NA,FALSE,0,0,0.191972398087974,0.22998178776988,0.214132383891863,0.245169599490868,NA,NA,NA,NA,NA
"BWA","Southern (%)",2010,NA,FALSE,0,0,0.197641676811407,0.22998178776988,0.214132383891863,0.245169599490868,NA,NA,NA,NA,NA
"BWA","Tutume (%)",2010,NA,FALSE,0,0,0.290564362614923,0.22998178776988,0.214132383891863,0.245169599490868,NA,NA,NA,NA,NA
"BWA","Bobirwa district (%)",2011,0.418,FALSE,0,0,0.298014923070801,0.224814155496888,0.212680650090377,0.237666745001765,NA,NA,NA,NA,NA
"BWA","Boteti (%)",2011,0.274,FALSE,0,0,0.223766882473836,0.224814155496888,0.212680650090377,0.237666745001765,NA,NA,NA,NA,NA
"BWA","Chobe (%)",2011,0.371,FALSE,0,0,0.306461745740053,0.224814155496888,0.212680650090377,0.237666745001765,NA,NA,NA,NA,NA
"BWA","Francistown (%)",2011,0.37,FALSE,0,0,0.299432861070955,0.224814155496888,0.212680650090377,0.237666745001765,NA,NA,NA,NA,NA
"BWA","Gaborone (%)",2011,0.292,FALSE,0,0,0.196423599100161,0.224814155496888,0.212680650090377,0.237666745001765,NA,NA,NA,NA,NA
"BWA","Gantsi (%)",2011,0.173,FALSE,0,0,0.172475197212216,0.224814155496888,0.212680650090377,0.237666745001765,NA,NA,NA,NA,NA
"BWA","Goodhope (%)",2011,0.308,FALSE,0,0,0.202085673538901,0.224814155496888,0.212680650090377,0.237666745001765,NA,NA,NA,NA,NA
"BWA","Hukuntsi (%)",2011,0.305,FALSE,0,0,0.21294900673769,0.224814155496888,0.212680650090377,0.237666745001765,NA,NA,NA,NA,NA
"BWA","Jwaneng (%)",2011,0.167,FALSE,0,0,0.178817216404871,0.224814155496888,0.212680650090377,0.237666745001765,NA,NA,NA,NA,NA
"BWA","Kgalagadi (%)",2011,0.272,FALSE,0,0,0.207102905847328,0.224814155496888,0.212680650090377,0.237666745001765,NA,NA,NA,NA,NA
"BWA","Kgatleng (%)",2011,0.345,FALSE,0,0,0.196250224342464,0.224814155496888,0.212680650090377,0.237666745001765,NA,NA,NA,NA,NA
"BWA","Kweneng East (%)",2011,0.266,FALSE,0,0,0.205860784561392,0.224814155496888,0.212680650090377,0.237666745001765,NA,NA,NA,NA,NA
"BWA","Kweneng West (%)",2011,0.33,FALSE,0,0,0.199527755862257,0.224814155496888,0.212680650090377,0.237666745001765,NA,NA,NA,NA,NA
"BWA","Lobatse (%)",2011,0.244,FALSE,0,0,0.18527588365387,0.224814155496888,0.212680650090377,0.237666745001765,NA,NA,NA,NA,NA
"BWA","Mabutsane (%)",2011,0.367,FALSE,0,0,0.233660519123077,0.224814155496888,0.212680650090377,0.237666745001765,NA,NA,NA,NA,NA
"BWA","Mahalapye (%)",2011,0.335,FALSE,0,0,0.268620885135009,0.224814155496888,0.212680650090377,0.237666745001765,NA,NA,NA,NA,NA
"BWA","Ngami (%)",2011,0.278,FALSE,0,0,0.216260030493013,0.224814155496888,0.212680650090377,0.237666745001765,NA,NA,NA,NA,NA
"BWA","North East (%)",2011,0.296,FALSE,0,0,0.301571875343399,0.224814155496888,0.212680650090377,0.237666745001765,NA,NA,NA,NA,NA
"BWA","Okavango (%)",2011,0.262,FALSE,0,0,0.211106408962798,0.224814155496888,0.212680650090377,0.237666745001765,NA,NA,NA,NA,NA
"BWA","Selebi-Pikwe (%)",2011,0.412,FALSE,0,0,0.317931517332033,0.224814155496888,0.212680650090377,0.237666745001765,NA,NA,NA,NA,NA
"BWA","Serowe Palapye (%)",2011,0.379,FALSE,0,0,0.27270766315549,0.224814155496888,0.212680650090377,0.237666745001765,NA,NA,NA,NA,NA
"BWA","South East (%)",2011,0.158,FALSE,0,0,0.186197722591493,0.224814155496888,0.212680650090377,0.237666745001765,NA,NA,NA,NA,NA
"BWA","Southern (%)",2011,0.224,FALSE,0,0,0.196175346069459,0.224814155496888,0.212680650090377,0.237666745001765,NA,NA,NA,NA,NA
"BWA","Tutume (%)",2011,0.359,FALSE,0,0,0.286353935321925,0.224814155496888,0.212680650090377,0.237666745001765,NA,NA,NA,NA,NA
"BWA","Bobirwa district (%)",2012,NA,FALSE,0,0,0.291251802712612,0.226870127210846,0.212022069257094,0.241007026140519,NA,NA,NA,NA,NA
"BWA","Boteti (%)",2012,NA,FALSE,0,0,0.214088208240684,0.226870127210846,0.212022069257094,0.241007026140519,NA,NA,NA,NA,NA
"BWA","Chobe (%)",2012,NA,FALSE,0,0,0.292029626857273,0.226870127210846,0.212022069257094,0.241007026140519,NA,NA,NA,NA,NA
"BWA","Francistown (%)",2012,NA,FALSE,0,0,0.292520069202219,0.226870127210846,0.212022069257094,0.241007026140519,NA,NA,NA,NA,NA
"BWA","Gaborone (%)",2012,NA,FALSE,0,0,0.204921940258529,0.226870127210846,0.212022069257094,0.241007026140519,NA,NA,NA,NA,NA
"BWA","Gantsi (%)",2012,NA,FALSE,0,0,0.167464719358755,0.226870127210846,0.212022069257094,0.241007026140519,NA,NA,NA,NA,NA
"BWA","Goodhope (%)",2012,NA,FALSE,0,0,0.204292717000133,0.226870127210846,0.212022069257094,0.241007026140519,NA,NA,NA,NA,NA
"BWA","Hukuntsi (%)",2012,NA,FALSE,0,0,0.205690674299256,0.226870127210846,0.212022069257094,0.241007026140519,NA,NA,NA,NA,NA
"BWA","Jwaneng (%)",2012,NA,FALSE,0,0,0.178699773080144,0.226870127210846,0.212022069257094,0.241007026140519,NA,NA,NA,NA,NA
"BWA","Kgalagadi (%)",2012,NA,FALSE,0,0,0.195805911669196,0.226870127210846,0.212022069257094,0.241007026140519,NA,NA,NA,NA,NA
"BWA","Kgatleng (%)",2012,NA,FALSE,0,0,0.204892354192629,0.226870127210846,0.212022069257094,0.241007026140519,NA,NA,NA,NA,NA
"BWA","Kweneng East (%)",2012,NA,FALSE,0,0,0.213779153828718,0.226870127210846,0.212022069257094,0.241007026140519,NA,NA,NA,NA,NA
"BWA","Kweneng West (%)",2012,NA,FALSE,0,0,0.203454659673136,0.226870127210846,0.212022069257094,0.241007026140519,NA,NA,NA,NA,NA
"BWA","Lobatse (%)",2012,NA,FALSE,0,0,0.191896788787924,0.226870127210846,0.212022069257094,0.241007026140519,NA,NA,NA,NA,NA
"BWA","Mabutsane (%)",2012,NA,FALSE,0,0,0.22750361263752,0.226870127210846,0.212022069257094,0.241007026140519,NA,NA,NA,NA,NA
"BWA","Mahalapye (%)",2012,NA,FALSE,0,0,0.269252984790514,0.226870127210846,0.212022069257094,0.241007026140519,NA,NA,NA,NA,NA
"BWA","Ngami (%)",2012,NA,FALSE,0,0,0.205658311150858,0.226870127210846,0.212022069257094,0.241007026140519,NA,NA,NA,NA,NA
"BWA","North East (%)",2012,NA,FALSE,0,0,0.293566965492173,0.226870127210846,0.212022069257094,0.241007026140519,NA,NA,NA,NA,NA
"BWA","Okavango (%)",2012,NA,FALSE,0,0,0.205499653721638,0.226870127210846,0.212022069257094,0.241007026140519,NA,NA,NA,NA,NA
"BWA","Selebi-Pikwe (%)",2012,NA,FALSE,0,0,0.310976241616742,0.226870127210846,0.212022069257094,0.241007026140519,NA,NA,NA,NA,NA
"BWA","Serowe Palapye (%)",2012,NA,FALSE,0,0,0.265976675811958,0.226870127210846,0.212022069257094,0.241007026140519,NA,NA,NA,NA,NA
"BWA","South East (%)",2012,NA,FALSE,0,0,0.192812561494645,0.226870127210846,0.212022069257094,0.241007026140519,NA,NA,NA,NA,NA
"BWA","Southern (%)",2012,NA,FALSE,0,0,0.196489920801379,0.226870127210846,0.212022069257094,0.241007026140519,NA,NA,NA,NA,NA
"BWA","Tutume (%)",2012,NA,FALSE,0,0,0.272761895519091,0.226870127210846,0.212022069257094,0.241007026140519,NA,NA,NA,NA,NA
"BWA","Bobirwa district (%)",2013,NA,FALSE,0,0,0.284886097206925,0.223789670412649,0.213241818036273,0.234628290762563,NA,NA,NA,NA,NA
"BWA","Boteti (%)",2013,NA,FALSE,0,0,0.208892036708705,0.223789670412649,0.213241818036273,0.234628290762563,NA,NA,NA,NA,NA
"BWA","Chobe (%)",2013,NA,FALSE,0,0,0.285117494881559,0.223789670412649,0.213241818036273,0.234628290762563,NA,NA,NA,NA,NA
"BWA","Francistown (%)",2013,NA,FALSE,0,0,0.292502770224067,0.223789670412649,0.213241818036273,0.234628290762563,NA,NA,NA,NA,NA
"BWA","Gaborone (%)",2013,NA,FALSE,0,0,0.206625814250245,0.223789670412649,0.213241818036273,0.234628290762563,NA,NA,NA,NA,NA
"BWA","Gantsi (%)",2013,NA,FALSE,0,0,0.165431274480596,0.223789670412649,0.213241818036273,0.234628290762563,NA,NA,NA,NA,NA
"BWA","Goodhope (%)",2013,NA,FALSE,0,0,0.207009197153251,0.223789670412649,0.213241818036273,0.234628290762563,NA,NA,NA,NA,NA
"BWA","Hukuntsi (%)",2013,NA,FALSE,0,0,0.204401759351273,0.223789670412649,0.213241818036273,0.234628290762563,NA,NA,NA,NA,NA
"BWA","Jwaneng (%)",2013,NA,FALSE,0,0,0.175972247103397,0.223789670412649,0.213241818036273,0.234628290762563,NA,NA,NA,NA,NA
"BWA","Kgalagadi (%)",2013,NA,FALSE,0,0,0.191560191310922,0.223789670412649,0.213241818036273,0.234628290762563,NA,NA,NA,NA,NA
"BWA","Kgatleng (%)",2013,NA,FALSE,0,0,0.208194223211489,0.223789670412649,0.213241818036273,0.234628290762563,NA,NA,NA,NA,NA
"BWA","Kweneng East (%)",2013,NA,FALSE,0,0,0.219932257988533,0.223789670412649,0.213241818036273,0.234628290762563,NA,NA,NA,NA,NA
"BWA","Kweneng West (%)",2013,NA,FALSE,0,0,0.207939664648047,0.223789670412649,0.213241818036273,0.234628290762563,NA,NA,NA,NA,NA
"BWA","Lobatse (%)",2013,NA,FALSE,0,0,0.196816817051885,0.223789670412649,0.213241818036273,0.234628290762563,NA,NA,NA,NA,NA
"BWA","Mabutsane (%)",2013,NA,FALSE,0,0,0.222198635339737,0.223789670412649,0.213241818036273,0.234628290762563,NA,NA,NA,NA,NA
"BWA","Mahalapye (%)",2013,NA,FALSE,0,0,0.270904675301682,0.223789670412649,0.213241818036273,0.234628290762563,NA,NA,NA,NA,NA
"BWA","Ngami (%)",2013,NA,FALSE,0,0,0.195363273504273,0.223789670412649,0.213241818036273,0.234628290762563,NA,NA,NA,NA,NA
"BWA","North East (%)",2013,NA,FALSE,0,0,0.291656496320203,0.223789670412649,0.213241818036273,0.234628290762563,NA,NA,NA,NA,NA
"BWA","Okavango (%)",2013,NA,FALSE,0,0,0.197971275528759,0.223789670412649,0.213241818036273,0.234628290762563,NA,NA,NA,NA,NA
"BWA","Selebi-Pikwe (%)",2013,NA,FALSE,0,0,0.3037708629578,0.223789670412649,0.213241818036273,0.234628290762563,NA,NA,NA,NA,NA
"BWA","Serowe Palapye (%)",2013,NA,FALSE,0,0,0.260926095196222,0.223789670412649,0.213241818036273,0.234628290762563,NA,NA,NA,NA,NA
"BWA","South East (%)",2013,NA,FALSE,0,0,0.197443886491078,0.223789670412649,0.213241818036273,0.234628290762563,NA,NA,NA,NA,NA
"BWA","Southern (%)",2013,NA,FALSE,0,0,0.197473764619,0.223789670412649,0.213241818036273,0.234628290762563,NA,NA,NA,NA,NA
"BWA","Tutume (%)",2013,NA,FALSE,0,0,0.266895466687793,0.223789670412649,0.213241818036273,0.234628290762563,NA,NA,NA,NA,NA
"BWA","Bobirwa district (%)",2014,NA,FALSE,0,0,0.281363258469421,0.228159088814024,0.209547311039008,0.248179845073229,NA,NA,NA,NA,NA
"BWA","Boteti (%)",2014,NA,FALSE,0,0,0.208572781600182,0.228159088814024,0.209547311039008,0.248179845073229,NA,NA,NA,NA,NA
"BWA","Chobe (%)",2014,NA,FALSE,0,0,0.283456071657782,0.228159088814024,0.209547311039008,0.248179845073229,NA,NA,NA,NA,NA
"BWA","Francistown (%)",2014,NA,FALSE,0,0,0.288751668686634,0.228159088814024,0.209547311039008,0.248179845073229,NA,NA,NA,NA,NA
"BWA","Gaborone (%)",2014,NA,FALSE,0,0,0.21205636539858,0.228159088814024,0.209547311039008,0.248179845073229,NA,NA,NA,NA,NA
"BWA","Gantsi (%)",2014,NA,FALSE,0,0,0.162523843341288,0.228159088814024,0.209547311039008,0.248179845073229,NA,NA,NA,NA,NA
"BWA","Goodhope (%)",2014,NA,FALSE,0,0,0.20495525803613,0.228159088814024,0.209547311039008,0.248179845073229,NA,NA,NA,NA,NA
"BWA","Hukuntsi (%)",2014,NA,FALSE,0,0,0.201308556345188,0.228159088814024,0.209547311039008,0.248179845073229,NA,NA,NA,NA,NA
"BWA","Jwaneng (%)",2014,NA,FALSE,0,0,0.182494001786874,0.228159088814024,0.209547311039008,0.248179845073229,NA,NA,NA,NA,NA
"BWA","Kgalagadi (%)",2014,NA,FALSE,0,0,0.189711616107465,0.228159088814024,0.209547311039008,0.248179845073229,NA,NA,NA,NA,NA
"BWA","Kgatleng (%)",2014,NA,FALSE,0,0,0.209010637638488,0.228159088814024,0.209547311039008,0.248179845073229,NA,NA,NA,NA,NA
"BWA","Kweneng East (%)",2014,NA,FALSE,0,0,0.218162050344738,0.228159088814024,0.209547311039008,0.248179845073229,NA,NA,NA,NA,NA
"BWA","Kweneng West (%)",2014,NA,FALSE,0,0,0.205673096079555,0.228159088814024,0.209547311039008,0.248179845073229,NA,NA,NA,NA,NA
"BWA","Lobatse (%)",2014,NA,FALSE,0,0,0.200166570696421,0.228159088814024,0.209547311039008,0.248179845073229,NA,NA,NA,NA,NA
"BWA","Mabutsane (%)",2014,NA,FALSE,0,0,0.224823787808418,0.228159088814024,0.209547311039008,0.248179845073229,NA,NA,NA,NA,NA
"BWA","Mahalapye (%)",2014,NA,FALSE,0,0,0.26658620808302,0.228159088814024,0.209547311039008,0.248179845073229,NA,NA,NA,NA,NA
"BWA","Ngami (%)",2014,NA,FALSE,0,0,0.194220025256537,0.228159088814024,0.209547311039008,0.248179845073229,NA,NA,NA,NA,NA
"BWA","North East (%)",2014,NA,FALSE,0,0,0.28954878138966,0.228159088814024,0.209547311039008,0.248179845073229,NA,NA,NA,NA,NA
"BWA","Okavango (%)",2014,NA,FALSE,0,0,0.192507911618365,0.228159088814024,0.209547311039008,0.248179845073229,NA,NA,NA,NA,NA
"BWA","Selebi-Pikwe (%)",2014,NA,FALSE,0,0,0.297762049038026,0.228159088814024,0.209547311039008,0.248179845073229,NA,NA,NA,NA,NA
"BWA","Serowe Palapye (%)",2014,NA,FALSE,0,0,0.259757235266478,0.228159088814024,0.209547311039008,0.248179845073229,NA,NA,NA,NA,NA
"BWA","South East (%)",2014,NA,FALSE,0,0,0.200607076582507,0.228159088814024,0.209547311039008,0.248179845073229,NA,NA,NA,NA,NA
"BWA","Southern (%)",2014,NA,FALSE,0,0,0.19717785246233,0.228159088814024,0.209547311039008,0.248179845073229,NA,NA,NA,NA,NA
"BWA","Tutume (%)",2014,NA,FALSE,0,0,0.265166482775711,0.228159088814024,0.209547311039008,0.248179845073229,NA,NA,NA,NA,NA
"BWA","Bobirwa district (%)",2015,NA,FALSE,0,0,0.280195338353305,0.235262427781616,0.209148310363065,0.262685881373919,NA,NA,NA,NA,NA
"BWA","Boteti (%)",2015,NA,FALSE,0,0,0.20737962038343,0.235262427781616,0.209148310363065,0.262685881373919,NA,NA,NA,NA,NA
"BWA","Chobe (%)",2015,NA,FALSE,0,0,0.278320087173067,0.235262427781616,0.209148310363065,0.262685881373919,NA,NA,NA,NA,NA
"BWA","Francistown (%)",2015,NA,FALSE,0,0,0.286291014043652,0.235262427781616,0.209148310363065,0.262685881373919,NA,NA,NA,NA,NA
"BWA","Gaborone (%)",2015,NA,FALSE,0,0,0.213666822510809,0.235262427781616,0.209148310363065,0.262685881373919,NA,NA,NA,NA,NA
"BWA","Gantsi (%)",2015,NA,FALSE,0,0,0.157638426798215,0.235262427781616,0.209148310363065,0.262685881373919,NA,NA,NA,NA,NA
"BWA","Goodhope (%)",2015,NA,FALSE,0,0,0.209792685289045,0.235262427781616,0.209148310363065,0.262685881373919,NA,NA,NA,NA,NA
"BWA","Hukuntsi (%)",2015,NA,FALSE,0,0,0.196234230707786,0.235262427781616,0.209148310363065,0.262685881373919,NA,NA,NA,NA,NA
"BWA","Jwaneng (%)",2015,NA,FALSE,0,0,0.182200369918,0.235262427781616,0.209148310363065,0.262685881373919,NA,NA,NA,NA,NA
"BWA","Kgalagadi (%)",2015,NA,FALSE,0,0,0.186521415317833,0.235262427781616,0.209148310363065,0.262685881373919,NA,NA,NA,NA,NA
"BWA","Kgatleng (%)",2015,NA,FALSE,0,0,0.214659182216631,0.235262427781616,0.209148310363065,0.262685881373919,NA,NA,NA,NA,NA
"BWA","Kweneng East (%)",2015,NA,FALSE,0,0,0.219390750993058,0.235262427781616,0.209148310363065,0.262685881373919,NA,NA,NA,NA,NA
"BWA","Kweneng West (%)",2015,NA,FALSE,0,0,0.206008413294319,0.235262427781616,0.209148310363065,0.262685881373919,NA,NA,NA,NA,NA
"BWA","Lobatse (%)",2015,NA,FALSE,0,0,0.203390673160448,0.235262427781616,0.209148310363065,0.262685881373919,NA,NA,NA,NA,NA
"BWA","Mabutsane (%)",2015,NA,FALSE,0,0,0.229185208678246,0.235262427781616,0.209148310363065,0.262685881373919,NA,NA,NA,NA,NA
"BWA","Mahalapye (%)",2015,NA,FALSE,0,0,0.264176304860656,0.235262427781616,0.209148310363065,0.262685881373919,NA,NA,NA,NA,NA
"BWA","Ngami (%)",2015,NA,FALSE,0,0,0.18842519020734,0.235262427781616,0.209148310363065,0.262685881373919,NA,NA,NA,NA,NA
"BWA","North East (%)",2015,NA,FALSE,0,0,0.285519080291116,0.235262427781616,0.209148310363065,0.262685881373919,NA,NA,NA,NA,NA
"BWA","Okavango (%)",2015,NA,FALSE,0,0,0.185067397411077,0.235262427781616,0.209148310363065,0.262685881373919,NA,NA,NA,NA,NA
"BWA","Selebi-Pikwe (%)",2015,NA,FALSE,0,0,0.295919041831108,0.235262427781616,0.209148310363065,0.262685881373919,NA,NA,NA,NA,NA
"BWA","Serowe Palapye (%)",2015,NA,FALSE,0,0,0.258496212180286,0.235262427781616,0.209148310363065,0.262685881373919,NA,NA,NA,NA,NA
"BWA","South East (%)",2015,NA,FALSE,0,0,0.204172740002872,0.235262427781616,0.209148310363065,0.262685881373919,NA,NA,NA,NA,NA
"BWA","Southern (%)",2015,NA,FALSE,0,0,0.19877198993291,0.235262427781616,0.209148310363065,0.262685881373919,NA,NA,NA,NA,NA
"BWA","Tutume (%)",2015,NA,FALSE,0,0,0.263364861451719,0.235262427781616,0.209148310363065,0.262685881373919,NA,NA,NA,NA,NA
"BWA","Bobirwa district (%)",2016,NA,FALSE,0,0,0.274061735002809,0.240481490445051,0.211200608722895,0.269479572103097,NA,NA,NA,NA,NA
"BWA","Boteti (%)",2016,NA,FALSE,0,0,0.203217404297611,0.240481490445051,0.211200608722895,0.269479572103097,NA,NA,NA,NA,NA
"BWA","Chobe (%)",2016,NA,FALSE,0,0,0.267424932004629,0.240481490445051,0.211200608722895,0.269479572103097,NA,NA,NA,NA,NA
"BWA","Francistown (%)",2016,NA,FALSE,0,0,0.280221644356986,0.240481490445051,0.211200608722895,0.269479572103097,NA,NA,NA,NA,NA
"BWA","Gaborone (%)",2016,NA,FALSE,0,0,0.219187304439922,0.240481490445051,0.211200608722895,0.269479572103097,NA,NA,NA,NA,NA
"BWA","Gantsi (%)",2016,NA,FALSE,0,0,0.153782370390053,0.240481490445051,0.211200608722895,0.269479572103097,NA,NA,NA,NA,NA
"BWA","Goodhope (%)",2016,NA,FALSE,0,0,0.21540255034916,0.240481490445051,0.211200608722895,0.269479572103097,NA,NA,NA,NA,NA
"BWA","Hukuntsi (%)",2016,NA,FALSE,0,0,0.192194190945157,0.240481490445051,0.211200608722895,0.269479572103097,NA,NA,NA,NA,NA
"BWA","Jwaneng (%)",2016,NA,FALSE,0,0,0.184338248139159,0.240481490445051,0.211200608722895,0.269479572103097,NA,NA,NA,NA,NA
"BWA","Kgalagadi (%)",2016,NA,FALSE,0,0,0.184586814319492,0.240481490445051,0.211200608722895,0.269479572103097,NA,NA,NA,NA,NA
"BWA","Kgatleng (%)",2016,NA,FALSE,0,0,0.219518111034563,0.240481490445051,0.211200608722895,0.269479572103097,NA,NA,NA,NA,NA
"BWA","Kweneng East (%)",2016,NA,FALSE,0,0,0.223336050181866,0.240481490445051,0.211200608722895,0.269479572103097,NA,NA,NA,NA,NA
"BWA","Kweneng West (%)",2016,NA,FALSE,0,0,0.208427285965415,0.240481490445051,0.211200608722895,0.269479572103097,NA,NA,NA,NA,NA
"BWA","Lobatse (%)",2016,NA,FALSE,0,0,0.211351143218843,0.240481490445051,0.211200608722895,0.269479572103097,NA,NA,NA,NA,NA
"BWA","Mabutsane (%)",2016,NA,FALSE,0,0,0.230511084198952,0.240481490445051,0.211200608722895,0.269479572103097,NA,NA,NA,NA,NA
"BWA","Mahalapye (%)",2016,NA,FALSE,0,0,0.263630045228141,0.240481490445051,0.211200608722895,0.269479572103097,NA,NA,NA,NA,NA
"BWA","Ngami (%)",2016,NA,FALSE,0,0,0.182073341148733,0.240481490445051,0.211200608722895,0.269479572103097,NA,NA,NA,NA,NA
"BWA","North East (%)",2016,NA,FALSE,0,0,0.280199483080528,0.240481490445051,0.211200608722895,0.269479572103097,NA,NA,NA,NA,NA
"BWA","Okavango (%)",2016,NA,FALSE,0,0,0.177033097133638,0.240481490445051,0.211200608722895,0.269479572103097,NA,NA,NA,NA,NA
"BWA","Selebi-Pikwe (%)",2016,NA,FALSE,0,0,0.289825517593044,0.240481490445051,0.211200608722895,0.269479572103097,NA,NA,NA,NA,NA
"BWA","Serowe Palapye (%)",2016,NA,FALSE,0,0,0.256313274856709,0.240481490445051,0.211200608722895,0.269479572103097,NA,NA,NA,NA,NA
"BWA","South East (%)",2016,NA,FALSE,0,0,0.211795975739392,0.240481490445051,0.211200608722895,0.269479572103097,NA,NA,NA,NA,NA
"BWA","Southern (%)",2016,NA,FALSE,0,0,0.201704855844856,0.240481490445051,0.211200608722895,0.269479572103097,NA,NA,NA,NA,NA
"BWA","Tutume (%)",2016,NA,FALSE,0,0,0.25708623178756,0.240481490445051,0.211200608722895,0.269479572103097,NA,NA,NA,NA,NA
"BWA","Bobirwa district (%)",2017,NA,FALSE,0,0,0.275055771141698,0.243038915690612,0.211278234347981,0.278962345084201,NA,NA,NA,NA,NA
"BWA","Boteti (%)",2017,NA,FALSE,0,0,0.201730410750137,0.243038915690612,0.211278234347981,0.278962345084201,NA,NA,NA,NA,NA
"BWA","Chobe (%)",2017,NA,FALSE,0,0,0.262691409443112,0.243038915690612,0.211278234347981,0.278962345084201,NA,NA,NA,NA,NA
"BWA","Francistown (%)",2017,NA,FALSE,0,0,0.277315334000165,0.243038915690612,0.211278234347981,0.278962345084201,NA,NA,NA,NA,NA
"BWA","Gaborone (%)",2017,NA,FALSE,0,0,0.221270345370198,0.243038915690612,0.211278234347981,0.278962345084201,NA,NA,NA,NA,NA
"BWA","Gantsi (%)",2017,NA,FALSE,0,0,0.151054994960126,0.243038915690612,0.211278234347981,0.278962345084201,NA,NA,NA,NA,NA
"BWA","Goodhope (%)",2017,NA,FALSE,0,0,0.219357560874932,0.243038915690612,0.211278234347981,0.278962345084201,NA,NA,NA,NA,NA
"BWA","Hukuntsi (%)",2017,NA,FALSE,0,0,0.188761724059495,0.243038915690612,0.211278234347981,0.278962345084201,NA,NA,NA,NA,NA
"BWA","Jwaneng (%)",2017,NA,FALSE,0,0,0.18493728009376,0.243038915690612,0.211278234347981,0.278962345084201,NA,NA,NA,NA,NA
"BWA","Kgalagadi (%)",2017,NA,FALSE,0,0,0.184126422990696,0.243038915690612,0.211278234347981,0.278962345084201,NA,NA,NA,NA,NA
"BWA","Kgatleng (%)",2017,NA,FALSE,0,0,0.220768031341169,0.243038915690612,0.211278234347981,0.278962345084201,NA,NA,NA,NA,NA
"BWA","Kweneng East (%)",2017,NA,FALSE,0,0,0.224523340024864,0.243038915690612,0.211278234347981,0.278962345084201,NA,NA,NA,NA,NA
"BWA","Kweneng West (%)",2017,NA,FALSE,0,0,0.209343480360372,0.243038915690612,0.211278234347981,0.278962345084201,NA,NA,NA,NA,NA
"BWA","Lobatse (%)",2017,NA,FALSE,0,0,0.213295566083573,0.243038915690612,0.211278234347981,0.278962345084201,NA,NA,NA,NA,NA
"BWA","Mabutsane (%)",2017,NA,FALSE,0,0,0.23423358798027,0.243038915690612,0.211278234347981,0.278962345084201,NA,NA,NA,NA,NA
"BWA","Mahalapye (%)",2017,NA,FALSE,0,0,0.262791702328002,0.243038915690612,0.211278234347981,0.278962345084201,NA,NA,NA,NA,NA
"BWA","Ngami (%)",2017,NA,FALSE,0,0,0.179555589635304,0.243038915690612,0.211278234347981,0.278962345084201,NA,NA,NA,NA,NA
"BWA","North East (%)",2017,NA,FALSE,0,0,0.277295311107882,0.243038915690612,0.211278234347981,0.278962345084201,NA,NA,NA,NA,NA
"BWA","Okavango (%)",2017,NA,FALSE,0,0,0.172897023382846,0.243038915690612,0.211278234347981,0.278962345084201,NA,NA,NA,NA,NA
"BWA","Selebi-Pikwe (%)",2017,NA,FALSE,0,0,0.290657711779324,0.243038915690612,0.211278234347981,0.278962345084201,NA,NA,NA,NA,NA
"BWA","Serowe Palapye (%)",2017,NA,FALSE,0,0,0.255048604583134,0.243038915690612,0.211278234347981,0.278962345084201,NA,NA,NA,NA,NA
"BWA","South East (%)",2017,NA,FALSE,0,0,0.214004049168982,0.243038915690612,0.211278234347981,0.278962345084201,NA,NA,NA,NA,NA
"BWA","Southern (%)",2017,NA,FALSE,0,0,0.204683478032764,0.243038915690612,0.211278234347981,0.278962345084201,NA,NA,NA,NA,NA
"BWA","Tutume (%)",2017,NA,FALSE,0,0,0.255045089718118,0.243038915690612,0.211278234347981,0.278962345084201,NA,NA,NA,NA,NA
"BWA","Bobirwa district (%)",2018,NA,FALSE,0,0,NA,NA,NA,NA,NA,NA,NA,NA,NA
"BWA","Boteti (%)",2018,NA,FALSE,0,0,NA,NA,NA,NA,NA,NA,NA,NA,NA
"BWA","Chobe (%)",2018,NA,FALSE,0,0,NA,NA,NA,NA,NA,NA,NA,NA,NA
"BWA","Francistown (%)",2018,NA,FALSE,0,0,NA,NA,NA,NA,NA,NA,NA,NA,NA
"BWA","Gaborone (%)",2018,NA,FALSE,0,0,NA,NA,NA,NA,NA,NA,NA,NA,NA
"BWA","Gantsi (%)",2018,NA,FALSE,0,0,NA,NA,NA,NA,NA,NA,NA,NA,NA
"BWA","Goodhope (%)",2018,NA,FALSE,0,0,NA,NA,NA,NA,NA,NA,NA,NA,NA
"BWA","Hukuntsi (%)",2018,NA,FALSE,0,0,NA,NA,NA,NA,NA,NA,NA,NA,NA
"BWA","Jwaneng (%)",2018,NA,FALSE,0,0,NA,NA,NA,NA,NA,NA,NA,NA,NA
"BWA","Kgalagadi (%)",2018,NA,FALSE,0,0,NA,NA,NA,NA,NA,NA,NA,NA,NA
"BWA","Kgatleng (%)",2018,NA,FALSE,0,0,NA,NA,NA,NA,NA,NA,NA,NA,NA
"BWA","Kweneng East (%)",2018,NA,FALSE,0,0,NA,NA,NA,NA,NA,NA,NA,NA,NA
"BWA","Kweneng West (%)",2018,NA,FALSE,0,0,NA,NA,NA,NA,NA,NA,NA,NA,NA
"BWA","Lobatse (%)",2018,NA,FALSE,0,0,NA,NA,NA,NA,NA,NA,NA,NA,NA
"BWA","Mabutsane (%)",2018,NA,FALSE,0,0,NA,NA,NA,NA,NA,NA,NA,NA,NA
"BWA","Mahalapye (%)",2018,NA,FALSE,0,0,NA,NA,NA,NA,NA,NA,NA,NA,NA
"BWA","Ngami (%)",2018,NA,FALSE,0,0,NA,NA,NA,NA,NA,NA,NA,NA,NA
"BWA","North East (%)",2018,NA,FALSE,0,0,NA,NA,NA,NA,NA,NA,NA,NA,NA
"BWA","Okavango (%)",2018,NA,FALSE,0,0,NA,NA,NA,NA,NA,NA,NA,NA,NA
"BWA","Selebi-Pikwe (%)",2018,NA,FALSE,0,0,NA,NA,NA,NA,NA,NA,NA,NA,NA
"BWA","Serowe Palapye (%)",2018,NA,FALSE,0,0,NA,NA,NA,NA,NA,NA,NA,NA,NA
"BWA","South East (%)",2018,NA,FALSE,0,0,NA,NA,NA,NA,NA,NA,NA,NA,NA
"BWA","Southern (%)",2018,NA,FALSE,0,0,NA,NA,NA,NA,NA,NA,NA,NA,NA
"BWA","Tutume (%)",2018,NA,FALSE,0,0,NA,NA,NA,NA,NA,NA,NA,NA,NA
"BWA","Bobirwa district (%)",2019,NA,FALSE,0,0,NA,NA,NA,NA,NA,NA,NA,NA,NA
"BWA","Boteti (%)",2019,NA,FALSE,0,0,NA,NA,NA,NA,NA,NA,NA,NA,NA
"BWA","Chobe (%)",2019,NA,FALSE,0,0,NA,NA,NA,NA,NA,NA,NA,NA,NA
"BWA","Francistown (%)",2019,NA,FALSE,0,0,NA,NA,NA,NA,NA,NA,NA,NA,NA
"BWA","Gaborone (%)",2019,NA,FALSE,0,0,NA,NA,NA,NA,NA,NA,NA,NA,NA
"BWA","Gantsi (%)",2019,NA,FALSE,0,0,NA,NA,NA,NA,NA,NA,NA,NA,NA
"BWA","Goodhope (%)",2019,NA,FALSE,0,0,NA,NA,NA,NA,NA,NA,NA,NA,NA
"BWA","Hukuntsi (%)",2019,NA,FALSE,0,0,NA,NA,NA,NA,NA,NA,NA,NA,NA
"BWA","Jwaneng (%)",2019,NA,FALSE,0,0,NA,NA,NA,NA,NA,NA,NA,NA,NA
"BWA","Kgalagadi (%)",2019,NA,FALSE,0,0,NA,NA,NA,NA,NA,NA,NA,NA,NA
"BWA","Kgatleng (%)",2019,NA,FALSE,0,0,NA,NA,NA,NA,NA,NA,NA,NA,NA
"BWA","Kweneng East (%)",2019,NA,FALSE,0,0,NA,NA,NA,NA,NA,NA,NA,NA,NA
"BWA","Kweneng West (%)",2019,NA,FALSE,0,0,NA,NA,NA,NA,NA,NA,NA,NA,NA
"BWA","Lobatse (%)",2019,NA,FALSE,0,0,NA,NA,NA,NA,NA,NA,NA,NA,NA
"BWA","Mabutsane (%)",2019,NA,FALSE,0,0,NA,NA,NA,NA,NA,NA,NA,NA,NA
"BWA","Mahalapye (%)",2019,NA,FALSE,0,0,NA,NA,NA,NA,NA,NA,NA,NA,NA
"BWA","Ngami (%)",2019,NA,FALSE,0,0,NA,NA,NA,NA,NA,NA,NA,NA,NA
"BWA","North East (%)",2019,NA,FALSE,0,0,NA,NA,NA,NA,NA,NA,NA,NA,NA
"BWA","Okavango (%)",2019,NA,FALSE,0,0,NA,NA,NA,NA,NA,NA,NA,NA,NA
"BWA","Selebi-Pikwe (%)",2019,NA,FALSE,0,0,NA,NA,NA,NA,NA,NA,NA,NA,NA
"BWA","Serowe Palapye (%)",2019,NA,FALSE,0,0,NA,NA,NA,NA,NA,NA,NA,NA,NA
"BWA","South East (%)",2019,NA,FALSE,0,0,NA,NA,NA,NA,NA,NA,NA,NA,NA
"BWA","Southern (%)",2019,NA,FALSE,0,0,NA,NA,NA,NA,NA,NA,NA,NA,NA
"BWA","Tutume (%)",2019,NA,FALSE,0,0,NA,NA,NA,NA,NA,NA,NA,NA,NA
"BWA","Bobirwa district (%)",2020,NA,FALSE,0,0,NA,NA,NA,NA,NA,NA,NA,NA,NA
"BWA","Boteti (%)",2020,NA,FALSE,0,0,NA,NA,NA,NA,NA,NA,NA,NA,NA
"BWA","Chobe (%)",2020,NA,FALSE,0,0,NA,NA,NA,NA,NA,NA,NA,NA,NA
"BWA","Francistown (%)",2020,NA,FALSE,0,0,NA,NA,NA,NA,NA,NA,NA,NA,NA
"BWA","Gaborone (%)",2020,NA,FALSE,0,0,NA,NA,NA,NA,NA,NA,NA,NA,NA
"BWA","Gantsi (%)",2020,NA,FALSE,0,0,NA,NA,NA,NA,NA,NA,NA,NA,NA
"BWA","Goodhope (%)",2020,NA,FALSE,0,0,NA,NA,NA,NA,NA,NA,NA,NA,NA
"BWA","Hukuntsi (%)",2020,NA,FALSE,0,0,NA,NA,NA,NA,NA,NA,NA,NA,NA
"BWA","Jwaneng (%)",2020,NA,FALSE,0,0,NA,NA,NA,NA,NA,NA,NA,NA,NA
"BWA","Kgalagadi (%)",2020,NA,FALSE,0,0,NA,NA,NA,NA,NA,NA,NA,NA,NA
"BWA","Kgatleng (%)",2020,NA,FALSE,0,0,NA,NA,NA,NA,NA,NA,NA,NA,NA
"BWA","Kweneng East (%)",2020,NA,FALSE,0,0,NA,NA,NA,NA,NA,NA,NA,NA,NA
"BWA","Kweneng West (%)",2020,NA,FALSE,0,0,NA,NA,NA,NA,NA,NA,NA,NA,NA
"BWA","Lobatse (%)",2020,NA,FALSE,0,0,NA,NA,NA,NA,NA,NA,NA,NA,NA
"BWA","Mabutsane (%)",2020,NA,FALSE,0,0,NA,NA,NA,NA,NA,NA,NA,NA,NA
"BWA","Mahalapye (%)",2020,NA,FALSE,0,0,NA,NA,NA,NA,NA,NA,NA,NA,NA
"BWA","Ngami (%)",2020,NA,FALSE,0,0,NA,NA,NA,NA,NA,NA,NA,NA,NA
"BWA","North East (%)",2020,NA,FALSE,0,0,NA,NA,NA,NA,NA,NA,NA,NA,NA
"BWA","Okavango (%)",2020,NA,FALSE,0,0,NA,NA,NA,NA,NA,NA,NA,NA,NA
"BWA","Selebi-Pikwe (%)",2020,NA,FALSE,0,0,NA,NA,NA,NA,NA,NA,NA,NA,NA
"BWA","Serowe Palapye (%)",2020,NA,FALSE,0,0,NA,NA,NA,NA,NA,NA,NA,NA,NA
"BWA","South East (%)",2020,NA,FALSE,0,0,NA,NA,NA,NA,NA,NA,NA,NA,NA
"BWA","Southern (%)",2020,NA,FALSE,0,0,NA,NA,NA,NA,NA,NA,NA,NA,NA
"BWA","Tutume (%)",2020,NA,FALSE,0,0,NA,NA,NA,NA,NA,NA,NA,NA,NA
"BWA","Bobirwa district (%)",2021,NA,FALSE,0,0,NA,NA,NA,NA,NA,NA,NA,NA,NA
"BWA","Boteti (%)",2021,NA,FALSE,0,0,NA,NA,NA,NA,NA,NA,NA,NA,NA
"BWA","Chobe (%)",2021,NA,FALSE,0,0,NA,NA,NA,NA,NA,NA,NA,NA,NA
"BWA","Francistown (%)",2021,NA,FALSE,0,0,NA,NA,NA,NA,NA,NA,NA,NA,NA
"BWA","Gaborone (%)",2021,NA,FALSE,0,0,NA,NA,NA,NA,NA,NA,NA,NA,NA
"BWA","Gantsi (%)",2021,NA,FALSE,0,0,NA,NA,NA,NA,NA,NA,NA,NA,NA
"BWA","Goodhope (%)",2021,NA,FALSE,0,0,NA,NA,NA,NA,NA,NA,NA,NA,NA
"BWA","Hukuntsi (%)",2021,NA,FALSE,0,0,NA,NA,NA,NA,NA,NA,NA,NA,NA
"BWA","Jwaneng (%)",2021,NA,FALSE,0,0,NA,NA,NA,NA,NA,NA,NA,NA,NA
"BWA","Kgalagadi (%)",2021,NA,FALSE,0,0,NA,NA,NA,NA,NA,NA,NA,NA,NA
"BWA","Kgatleng (%)",2021,NA,FALSE,0,0,NA,NA,NA,NA,NA,NA,NA,NA,NA
"BWA","Kweneng East (%)",2021,NA,FALSE,0,0,NA,NA,NA,NA,NA,NA,NA,NA,NA
"BWA","Kweneng West (%)",2021,NA,FALSE,0,0,NA,NA,NA,NA,NA,NA,NA,NA,NA
"BWA","Lobatse (%)",2021,NA,FALSE,0,0,NA,NA,NA,NA,NA,NA,NA,NA,NA
"BWA","Mabutsane (%)",2021,NA,FALSE,0,0,NA,NA,NA,NA,NA,NA,NA,NA,NA
"BWA","Mahalapye (%)",2021,NA,FALSE,0,0,NA,NA,NA,NA,NA,NA,NA,NA,NA
"BWA","Ngami (%)",2021,NA,FALSE,0,0,NA,NA,NA,NA,NA,NA,NA,NA,NA
"BWA","North East (%)",2021,NA,FALSE,0,0,NA,NA,NA,NA,NA,NA,NA,NA,NA
"BWA","Okavango (%)",2021,NA,FALSE,0,0,NA,NA,NA,NA,NA,NA,NA,NA,NA
"BWA","Selebi-Pikwe (%)",2021,NA,FALSE,0,0,NA,NA,NA,NA,NA,NA,NA,NA,NA
"BWA","Serowe Palapye (%)",2021,NA,FALSE,0,0,NA,NA,NA,NA,NA,NA,NA,NA,NA
"BWA","South East (%)",2021,NA,FALSE,0,0,NA,NA,NA,NA,NA,NA,NA,NA,NA
"BWA","Southern (%)",2021,NA,FALSE,0,0,NA,NA,NA,NA,NA,NA,NA,NA,NA
"BWA","Tutume (%)",2021,NA,FALSE,0,0,NA,NA,NA,NA,NA,NA,NA,NA,NA
"BWA","Bobirwa district (%)",2022,NA,FALSE,0,0,NA,NA,NA,NA,NA,NA,NA,NA,NA
"BWA","Boteti (%)",2022,NA,FALSE,0,0,NA,NA,NA,NA,NA,NA,NA,NA,NA
"BWA","Chobe (%)",2022,NA,FALSE,0,0,NA,NA,NA,NA,NA,NA,NA,NA,NA
"BWA","Francistown (%)",2022,NA,FALSE,0,0,NA,NA,NA,NA,NA,NA,NA,NA,NA
"BWA","Gaborone (%)",2022,NA,FALSE,0,0,NA,NA,NA,NA,NA,NA,NA,NA,NA
"BWA","Gantsi (%)",2022,NA,FALSE,0,0,NA,NA,NA,NA,NA,NA,NA,NA,NA
"BWA","Goodhope (%)",2022,NA,FALSE,0,0,NA,NA,NA,NA,NA,NA,NA,NA,NA
"BWA","Hukuntsi (%)",2022,NA,FALSE,0,0,NA,NA,NA,NA,NA,NA,NA,NA,NA
"BWA","Jwaneng (%)",2022,NA,FALSE,0,0,NA,NA,NA,NA,NA,NA,NA,NA,NA
"BWA","Kgalagadi (%)",2022,NA,FALSE,0,0,NA,NA,NA,NA,NA,NA,NA,NA,NA
"BWA","Kgatleng (%)",2022,NA,FALSE,0,0,NA,NA,NA,NA,NA,NA,NA,NA,NA
"BWA","Kweneng East (%)",2022,NA,FALSE,0,0,NA,NA,NA,NA,NA,NA,NA,NA,NA
"BWA","Kweneng West (%)",2022,NA,FALSE,0,0,NA,NA,NA,NA,NA,NA,NA,NA,NA
"BWA","Lobatse (%)",2022,NA,FALSE,0,0,NA,NA,NA,NA,NA,NA,NA,NA,NA
"BWA","Mabutsane (%)",2022,NA,FALSE,0,0,NA,NA,NA,NA,NA,NA,NA,NA,NA
"BWA","Mahalapye (%)",2022,NA,FALSE,0,0,NA,NA,NA,NA,NA,NA,NA,NA,NA
"BWA","Ngami (%)",2022,NA,FALSE,0,0,NA,NA,NA,NA,NA,NA,NA,NA,NA
"BWA","North East (%)",2022,NA,FALSE,0,0,NA,NA,NA,NA,NA,NA,NA,NA,NA
"BWA","Okavango (%)",2022,NA,FALSE,0,0,NA,NA,NA,NA,NA,NA,NA,NA,NA
"BWA","Selebi-Pikwe (%)",2022,NA,FALSE,0,0,NA,NA,NA,NA,NA,NA,NA,NA,NA
"BWA","Serowe Palapye (%)",2022,NA,FALSE,0,0,NA,NA,NA,NA,NA,NA,NA,NA,NA
"BWA","South East (%)",2022,NA,FALSE,0,0,NA,NA,NA,NA,NA,NA,NA,NA,NA
"BWA","Southern (%)",2022,NA,FALSE,0,0,NA,NA,NA,NA,NA,NA,NA,NA,NA
"BWA","Tutume (%)",2022,NA,FALSE,0,0,NA,NA,NA,NA,NA,NA,NA,NA,NA
"BWA","Bobirwa district (%)",2023,NA,FALSE,0,0,NA,NA,NA,NA,NA,NA,NA,NA,NA
"BWA","Boteti (%)",2023,NA,FALSE,0,0,NA,NA,NA,NA,NA,NA,NA,NA,NA
"BWA","Chobe (%)",2023,NA,FALSE,0,0,NA,NA,NA,NA,NA,NA,NA,NA,NA
"BWA","Francistown (%)",2023,NA,FALSE,0,0,NA,NA,NA,NA,NA,NA,NA,NA,NA
"BWA","Gaborone (%)",2023,NA,FALSE,0,0,NA,NA,NA,NA,NA,NA,NA,NA,NA
"BWA","Gantsi (%)",2023,NA,FALSE,0,0,NA,NA,NA,NA,NA,NA,NA,NA,NA
"BWA","Goodhope (%)",2023,NA,FALSE,0,0,NA,NA,NA,NA,NA,NA,NA,NA,NA
"BWA","Hukuntsi (%)",2023,NA,FALSE,0,0,NA,NA,NA,NA,NA,NA,NA,NA,NA
"BWA","Jwaneng (%)",2023,NA,FALSE,0,0,NA,NA,NA,NA,NA,NA,NA,NA,NA
"BWA","Kgalagadi (%)",2023,NA,FALSE,0,0,NA,NA,NA,NA,NA,NA,NA,NA,NA
"BWA","Kgatleng (%)",2023,NA,FALSE,0,0,NA,NA,NA,NA,NA,NA,NA,NA,NA
"BWA","Kweneng East (%)",2023,NA,FALSE,0,0,NA,NA,NA,NA,NA,NA,NA,NA,NA
"BWA","Kweneng West (%)",2023,NA,FALSE,0,0,NA,NA,NA,NA,NA,NA,NA,NA,NA
"BWA","Lobatse (%)",2023,NA,FALSE,0,0,NA,NA,NA,NA,NA,NA,NA,NA,NA
"BWA","Mabutsane (%)",2023,NA,FALSE,0,0,NA,NA,NA,NA,NA,NA,NA,NA,NA
"BWA","Mahalapye (%)",2023,NA,FALSE,0,0,NA,NA,NA,NA,NA,NA,NA,NA,NA
"BWA","Ngami (%)",2023,NA,FALSE,0,0,NA,NA,NA,NA,NA,NA,NA,NA,NA
"BWA","North East (%)",2023,NA,FALSE,0,0,NA,NA,NA,NA,NA,NA,NA,NA,NA
"BWA","Okavango (%)",2023,NA,FALSE,0,0,NA,NA,NA,NA,NA,NA,NA,NA,NA
"BWA","Selebi-Pikwe (%)",2023,NA,FALSE,0,0,NA,NA,NA,NA,NA,NA,NA,NA,NA
"BWA","Serowe Palapye (%)",2023,NA,FALSE,0,0,NA,NA,NA,NA,NA,NA,NA,NA,NA
"BWA","South East (%)",2023,NA,FALSE,0,0,NA,NA,NA,NA,NA,NA,NA,NA,NA
"BWA","Southern (%)",2023,NA,FALSE,0,0,NA,NA,NA,NA,NA,NA,NA,NA,NA
"BWA","Tutume (%)",2023,NA,FALSE,0,0,NA,NA,NA,NA,NA,NA,NA,NA,NA
"BWA","Bobirwa district (%)",2024,NA,FALSE,0,0,NA,NA,NA,NA,NA,NA,NA,NA,NA
"BWA","Boteti (%)",2024,NA,FALSE,0,0,NA,NA,NA,NA,NA,NA,NA,NA,NA
"BWA","Chobe (%)",2024,NA,FALSE,0,0,NA,NA,NA,NA,NA,NA,NA,NA,NA
"BWA","Francistown (%)",2024,NA,FALSE,0,0,NA,NA,NA,NA,NA,NA,NA,NA,NA
"BWA","Gaborone (%)",2024,NA,FALSE,0,0,NA,NA,NA,NA,NA,NA,NA,NA,NA
"BWA","Gantsi (%)",2024,NA,FALSE,0,0,NA,NA,NA,NA,NA,NA,NA,NA,NA
"BWA","Goodhope (%)",2024,NA,FALSE,0,0,NA,NA,NA,NA,NA,NA,NA,NA,NA
"BWA","Hukuntsi (%)",2024,NA,FALSE,0,0,NA,NA,NA,NA,NA,NA,NA,NA,NA
"BWA","Jwaneng (%)",2024,NA,FALSE,0,0,NA,NA,NA,NA,NA,NA,NA,NA,NA
"BWA","Kgalagadi (%)",2024,NA,FALSE,0,0,NA,NA,NA,NA,NA,NA,NA,NA,NA
"BWA","Kgatleng (%)",2024,NA,FALSE,0,0,NA,NA,NA,NA,NA,NA,NA,NA,NA
"BWA","Kweneng East (%)",2024,NA,FALSE,0,0,NA,NA,NA,NA,NA,NA,NA,NA,NA
"BWA","Kweneng West (%)",2024,NA,FALSE,0,0,NA,NA,NA,NA,NA,NA,NA,NA,NA
"BWA","Lobatse (%)",2024,NA,FALSE,0,0,NA,NA,NA,NA,NA,NA,NA,NA,NA
"BWA","Mabutsane (%)",2024,NA,FALSE,0,0,NA,NA,NA,NA,NA,NA,NA,NA,NA
"BWA","Mahalapye (%)",2024,NA,FALSE,0,0,NA,NA,NA,NA,NA,NA,NA,NA,NA
"BWA","Ngami (%)",2024,NA,FALSE,0,0,NA,NA,NA,NA,NA,NA,NA,NA,NA
"BWA","North East (%)",2024,NA,FALSE,0,0,NA,NA,NA,NA,NA,NA,NA,NA,NA
"BWA","Okavango (%)",2024,NA,FALSE,0,0,NA,NA,NA,NA,NA,NA,NA,NA,NA
"BWA","Selebi-Pikwe (%)",2024,NA,FALSE,0,0,NA,NA,NA,NA,NA,NA,NA,NA,NA
"BWA","Serowe Palapye (%)",2024,NA,FALSE,0,0,NA,NA,NA,NA,NA,NA,NA,NA,NA
"BWA","South East (%)",2024,NA,FALSE,0,0,NA,NA,NA,NA,NA,NA,NA,NA,NA
"BWA","Southern (%)",2024,NA,FALSE,0,0,NA,NA,NA,NA,NA,NA,NA,NA,NA
"BWA","Tutume (%)",2024,NA,FALSE,0,0,NA,NA,NA,NA,NA,NA,NA,NA,NA
"BWA","Bobirwa district (%)",2025,NA,FALSE,0,0,NA,NA,NA,NA,NA,NA,NA,NA,NA
"BWA","Boteti (%)",2025,NA,FALSE,0,0,NA,NA,NA,NA,NA,NA,NA,NA,NA
"BWA","Chobe (%)",2025,NA,FALSE,0,0,NA,NA,NA,NA,NA,NA,NA,NA,NA
"BWA","Francistown (%)",2025,NA,FALSE,0,0,NA,NA,NA,NA,NA,NA,NA,NA,NA
"BWA","Gaborone (%)",2025,NA,FALSE,0,0,NA,NA,NA,NA,NA,NA,NA,NA,NA
"BWA","Gantsi (%)",2025,NA,FALSE,0,0,NA,NA,NA,NA,NA,NA,NA,NA,NA
"BWA","Goodhope (%)",2025,NA,FALSE,0,0,NA,NA,NA,NA,NA,NA,NA,NA,NA
"BWA","Hukuntsi (%)",2025,NA,FALSE,0,0,NA,NA,NA,NA,NA,NA,NA,NA,NA
"BWA","Jwaneng (%)",2025,NA,FALSE,0,0,NA,NA,NA,NA,NA,NA,NA,NA,NA
"BWA","Kgalagadi (%)",2025,NA,FALSE,0,0,NA,NA,NA,NA,NA,NA,NA,NA,NA
"BWA","Kgatleng (%)",2025,NA,FALSE,0,0,NA,NA,NA,NA,NA,NA,NA,NA,NA
"BWA","Kweneng East (%)",2025,NA,FALSE,0,0,NA,NA,NA,NA,NA,NA,NA,NA,NA
"BWA","Kweneng West (%)",2025,NA,FALSE,0,0,NA,NA,NA,NA,NA,NA,NA,NA,NA
"BWA","Lobatse (%)",2025,NA,FALSE,0,0,NA,NA,NA,NA,NA,NA,NA,NA,NA
"BWA","Mabutsane (%)",2025,NA,FALSE,0,0,NA,NA,NA,NA,NA,NA,NA,NA,NA
"BWA","Mahalapye (%)",2025,NA,FALSE,0,0,NA,NA,NA,NA,NA,NA,NA,NA,NA
"BWA","Ngami (%)",2025,NA,FALSE,0,0,NA,NA,NA,NA,NA,NA,NA,NA,NA
"BWA","North East (%)",2025,NA,FALSE,0,0,NA,NA,NA,NA,NA,NA,NA,NA,NA
"BWA","Okavango (%)",2025,NA,FALSE,0,0,NA,NA,NA,NA,NA,NA,NA,NA,NA
"BWA","Selebi-Pikwe (%)",2025,NA,FALSE,0,0,NA,NA,NA,NA,NA,NA,NA,NA,NA
"BWA","Serowe Palapye (%)",2025,NA,FALSE,0,0,NA,NA,NA,NA,NA,NA,NA,NA,NA
"BWA","South East (%)",2025,NA,FALSE,0,0,NA,NA,NA,NA,NA,NA,NA,NA,NA
"BWA","Southern (%)",2025,NA,FALSE,0,0,NA,NA,NA,NA,NA,NA,NA,NA,NA
"BWA","Tutume (%)",2025,NA,FALSE,0,0,NA,NA,NA,NA,NA,NA,NA,NA,NA
